analysis,dataset,model,metric,seeds,mean,sd,ci95_lower,ci95_upper
nonselective pairwise average,source,augmentation_only,f1,5,0.8910133627232091,0.006032786353948437,0.8835226690986563,0.8985040563477619
nonselective pairwise average,source,augmentation_only,precision,5,0.9881085545014623,0.0019362536543293058,0.9857043780474911,0.9905127309554335
nonselective pairwise average,source,augmentation_only,recall,5,0.8379119439166611,0.005953698197207662,0.8305194512090177,0.8453044366243045
nonselective pairwise average,source,augmentation_only,false_positive_rate,5,0.0019771225442672203,0.0003345560544169731,0.0015617163361165646,0.002392528752417876
nonselective pairwise average,source,augmentation_only,ece,5,0.022618888830269253,0.00045358553351317976,0.02205568800319989,0.023182089657338617
nonselective pairwise average,source,augmentation_only,brier,5,0.022996354236120006,0.0007103843251141426,0.022114295594737494,0.023878412877502517
nonselective pairwise average,source,full_method,f1,5,0.907013359084182,0.017737187506449963,0.8849897319280334,0.9290369862403306
nonselective pairwise average,source,full_method,precision,5,0.9785421248357302,0.0139424194139265,0.9612303246016004,0.99585392506986
nonselective pairwise average,source,full_method,recall,5,0.8625292100722881,0.032459221427518246,0.8222257634160144,0.9028326567285618
nonselective pairwise average,source,full_method,false_positive_rate,5,0.004432019523284143,0.004120234637278088,-0.0006839274899762132,0.0095479665365445
nonselective pairwise average,source,full_method,ece,5,0.02122003069277039,0.0008361001404342274,0.020181875249500096,0.022258186136040685
nonselective pairwise average,source,full_method,brier,5,0.0216915645008181,0.000705330241742935,0.02081578133280154,0.02256734766883466
nonselective pairwise average,source,indicators_only,f1,5,0.6486401824017666,0.04428252506513345,0.5936561652788345,0.7036241995246987
nonselective pairwise average,source,indicators_only,precision,5,0.8372870775674508,0.03441029929279439,0.7945610477681715,0.8800131073667301
nonselective pairwise average,source,indicators_only,recall,5,0.6357039900412762,0.05301838362881843,0.5698729718464164,0.701535008236136
nonselective pairwise average,source,indicators_only,false_positive_rate,5,0.054895028917193146,0.011881673882393785,0.04014198221902681,0.06964807561535949
nonselective pairwise average,source,indicators_only,ece,5,0.10363430736075914,0.00483988844018632,0.0976247921292572,0.10964382259226108
nonselective pairwise average,source,indicators_only,brier,5,0.09437730464315892,0.0033515351595163876,0.09021582409687331,0.09853878518944453
nonselective pairwise average,source,ordinary_baseline,f1,5,0.6293413372960026,0.019767737014262373,0.604796449919433,0.6538862246725722
nonselective pairwise average,source,ordinary_baseline,precision,5,0.8658357738814733,0.019623841982981335,0.8414695557847657,0.8902019919781808
nonselective pairwise average,source,ordinary_baseline,recall,5,0.60602983249252,0.020843664083118583,0.5801490052098587,0.6319106597751812
nonselective pairwise average,source,ordinary_baseline,false_positive_rate,5,0.046073613479089316,0.007231201877598483,0.0370948904439318,0.05505233651424683
nonselective pairwise average,source,ordinary_baseline,ece,5,0.10368993793812462,0.0028174197300548844,0.1001916492914865,0.10718822658476274
nonselective pairwise average,source,ordinary_baseline,brier,5,0.09489349349079193,0.0017510523380014282,0.09271927484372502,0.09706771213785884
nonselective pairwise average,target,augmentation_only,f1,5,0.2508104351502768,0.018179115072311625,0.22823808244578397,0.2733827878547696
nonselective pairwise average,target,augmentation_only,precision,5,0.7241387513559788,0.07377931570370669,0.6325296312345764,0.8157478714773813
nonselective pairwise average,target,augmentation_only,recall,5,0.16303069734429523,0.014575813399348573,0.14493243460178806,0.1811289600868024
nonselective pairwise average,target,augmentation_only,false_positive_rate,5,0.007278436153607323,0.0010681837145867928,0.005952110891737335,0.008604761415477311
nonselective pairwise average,target,augmentation_only,ece,5,0.12787166995938254,0.002285950506616933,0.12503328751364062,0.13071005240512445
nonselective pairwise average,target,augmentation_only,brier,5,0.12745633287780306,0.0010151423610064065,0.12619586715508982,0.1287167986005163
nonselective pairwise average,target,full_method,f1,5,0.26888031496639014,0.045973701361613335,0.2117964251215034,0.3259642048112769
nonselective pairwise average,target,full_method,precision,5,0.7066968540904957,0.036641007633654424,0.6612010340538775,0.7521926741271138
nonselective pairwise average,target,full_method,recall,5,0.1862613118826521,0.050830085332098235,0.12314742490016038,0.2493751988651438
nonselective pairwise average,target,full_method,false_positive_rate,5,0.015599109957798844,0.015566999909022175,-0.003729873389275301,0.03492809330487299
nonselective pairwise average,target,full_method,ece,5,0.13090486998965772,0.0026212771955685474,0.12765012446660773,0.13415961551270772
nonselective pairwise average,target,full_method,brier,5,0.12984976778175647,0.0013288447724135012,0.12819978906864934,0.1314997464948636
nonselective pairwise average,target,indicators_only,f1,5,0.15729552909094274,0.03817469045641175,0.10989539030864337,0.20469566787324212
nonselective pairwise average,target,indicators_only,precision,5,0.6290257788104993,0.07441641532100284,0.5366255950310308,0.7214259625899677
nonselective pairwise average,target,indicators_only,recall,5,0.13599574140888387,0.04772742823826248,0.07673431203857954,0.1952571707791882
nonselective pairwise average,target,indicators_only,false_positive_rate,5,0.03878851619074463,0.019960591422255994,0.014004168438874448,0.06357286394261481
nonselective pairwise average,target,indicators_only,ece,5,0.15299533192529371,0.0027280439221144767,0.14960801800168558,0.15638264584890185
nonselective pairwise average,target,indicators_only,brier,5,0.15670590733148917,0.0015845715469177536,0.15473840188910334,0.158673412773875
nonselective pairwise average,target,ordinary_baseline,f1,5,0.11891712083568953,0.010328467184189104,0.1060926349764529,0.13174160669492618
nonselective pairwise average,target,ordinary_baseline,precision,5,0.5861586925463105,0.05739407105065206,0.5148945408123669,0.6574228442802541
nonselective pairwise average,target,ordinary_baseline,recall,5,0.09317797362039386,0.0065399474426334385,0.08505755633073113,0.10129839091005659
nonselective pairwise average,target,ordinary_baseline,false_positive_rate,5,0.025757533775141846,0.0033010988038593286,0.0216586782358762,0.02985638931440749
nonselective pairwise average,target,ordinary_baseline,ece,5,0.15607591840120044,0.0017522743909224661,0.15390018237501757,0.15825165442738331
nonselective pairwise average,target,ordinary_baseline,brier,5,0.15881682835599667,0.001752370361311277,0.15664097316683714,0.1609926835451562
selective pairwise average at nominal 90%,source,augmentation_only,actual_coverage,5,0.6270567815081658,0.004579643971726996,0.6213704024638814,0.6327431605524502
selective pairwise average at nominal 90%,source,augmentation_only,attack_coverage,5,0.2778472995697656,0.01670741356311758,0.2571023056453412,0.29859229349419003
selective pairwise average at nominal 90%,source,augmentation_only,selective_risk,5,3.0322644620002693e-05,3.681976875687892e-05,-1.539513666760172e-05,7.60404259076071e-05
selective pairwise average at nominal 90%,source,augmentation_only,accepted_f1,5,0.832191335305281,0.0015973038425889396,0.8302080206297457,0.8341746499808163
selective pairwise average at nominal 90%,source,augmentation_only,aurc,5,0.005372309126908345,0.0006973201364301933,0.004506471818280435,0.0062381464355362555
selective pairwise average at nominal 90%,source,full_method,actual_coverage,5,0.6348078058481713,0.0026396771851056825,0.6315302137205457,0.6380853979757969
selective pairwise average at nominal 90%,source,full_method,attack_coverage,5,0.30704754416999713,0.008234272555896769,0.2968233443859428,0.31727174395405144
selective pairwise average at nominal 90%,source,full_method,selective_risk,5,1.5779455200394453e-05,5.756158624587883e-06,8.632240268293569e-06,2.2926670132495336e-05
selective pairwise average at nominal 90%,source,full_method,accepted_f1,5,0.8326903631361974,0.0012217430491480582,0.8311733687770145,0.8342073574953802
selective pairwise average at nominal 90%,source,full_method,aurc,5,0.005338200780332209,0.0008434308885496026,0.004290943011047154,0.006385458549617264
selective pairwise average at nominal 90%,source,indicators_only,actual_coverage,5,0.4070831502172977,0.0036289092547935587,0.40257726424287205,0.4115890361917233
selective pairwise average at nominal 90%,source,indicators_only,attack_coverage,5,0.07636987049291313,0.009322815467620718,0.06479406616487128,0.08794567482095499
selective pairwise average at nominal 90%,source,indicators_only,selective_risk,5,0.008529832830616068,0.0028312166973410405,0.005014412986414329,0.012045252674817809
selective pairwise average at nominal 90%,source,indicators_only,accepted_f1,5,0.2956404495491372,0.07213662574072693,0.20607099841497745,0.38520990068329697
selective pairwise average at nominal 90%,source,indicators_only,aurc,5,0.023685235168865844,0.0005704557605037974,0.022976920788480328,0.02439354954925136
selective pairwise average at nominal 90%,source,ordinary_baseline,actual_coverage,5,0.4078928560330629,0.012896332108781768,0.39187994474470933,0.4239057673214165
selective pairwise average at nominal 90%,source,ordinary_baseline,attack_coverage,5,0.07167769551639039,0.005672229590364871,0.06463469224448823,0.07872069878829255
selective pairwise average at nominal 90%,source,ordinary_baseline,selective_risk,5,0.00815406973729248,0.0012072801684959364,0.006655033416325699,0.009653106058259262
selective pairwise average at nominal 90%,source,ordinary_baseline,accepted_f1,5,0.31083156491726316,0.030199380964645372,0.2733340808054229,0.34832904902910344
selective pairwise average at nominal 90%,source,ordinary_baseline,aurc,5,0.02290834321237716,0.0010800764203567216,0.02156725120591142,0.0242494352188429
selective pairwise average at nominal 90%,target,augmentation_only,actual_coverage,5,0.6043843240323624,0.015262984356070432,0.5854328258522825,0.6233358222124423
selective pairwise average at nominal 90%,target,augmentation_only,attack_coverage,5,0.2439115948029415,0.010291260822811782,0.23113330674313123,0.25668988286275174
selective pairwise average at nominal 90%,target,augmentation_only,selective_risk,5,0.1242944792061692,0.04508131729441799,0.06831863053008955,0.18027032788224887
selective pairwise average at nominal 90%,target,augmentation_only,accepted_f1,5,0.00018531766511472946,0.0001676325075117958,-2.2825584391289808e-05,0.0003934609146207487
selective pairwise average at nominal 90%,target,augmentation_only,aurc,5,0.07222858602051362,0.0026895254124473774,0.06888909914362357,0.07556807289740367
selective pairwise average at nominal 90%,target,full_method,actual_coverage,5,0.6129999075874691,0.014311078282545754,0.5952303569085563,0.630769458266382
selective pairwise average at nominal 90%,target,full_method,attack_coverage,5,0.24929279785493189,0.010242535588959899,0.23657501016379956,0.2620105855460642
selective pairwise average at nominal 90%,target,full_method,selective_risk,5,0.11281852934954754,0.05152549537053511,0.048841176758339266,0.17679588194075582
selective pairwise average at nominal 90%,target,full_method,accepted_f1,5,0.00014737953224611667,0.00016264886691941437,-5.4575710156355717e-05,0.00034933477464858906
selective pairwise average at nominal 90%,target,full_method,aurc,5,0.07604521676121585,0.0018187925394242425,0.07378688754481116,0.07830354597762054
selective pairwise average at nominal 90%,target,indicators_only,actual_coverage,5,0.40834528524278635,0.007361589266981463,0.39920466488041223,0.41748590560516047
selective pairwise average at nominal 90%,target,indicators_only,attack_coverage,5,0.21160268922142703,0.011791246144972543,0.19696192338925567,0.22624345505359839
selective pairwise average at nominal 90%,target,indicators_only,selective_risk,5,0.1062443472150513,0.0568166690032717,0.03569713481582895,0.17679155961427365
selective pairwise average at nominal 90%,target,indicators_only,accepted_f1,5,0.0,0.0,0.0,0.0
selective pairwise average at nominal 90%,target,indicators_only,aurc,5,0.09203591923359893,0.004233986193959441,0.0867787310076677,0.09729310745953015
selective pairwise average at nominal 90%,target,ordinary_baseline,actual_coverage,5,0.4159355567721537,0.0111546433568667,0.40208523770312954,0.4297858758411779
selective pairwise average at nominal 90%,target,ordinary_baseline,attack_coverage,5,0.2109804617416849,0.0074425788533432225,0.20173927952569592,0.22022164395767385
selective pairwise average at nominal 90%,target,ordinary_baseline,selective_risk,5,0.08332139660664124,0.04406998077270071,0.02860128807964657,0.13804150513363592
selective pairwise average at nominal 90%,target,ordinary_baseline,accepted_f1,5,0.003290949887808527,0.007358787659685172,-0.005846191819648703,0.012428091595265756
selective pairwise average at nominal 90%,target,ordinary_baseline,aurc,5,0.09280874459180574,0.003239755165686454,0.08878605723957819,0.09683143194403329
