rows,accuracy,balanced_accuracy,precision,recall,f1,roc_auc,pr_auc,mcc,false_positive_rate,false_negative_rate,brier,logloss,ece,tn,fp,fn,tp,seed,dataset,model,condition_type,missing_groups
150178,0.9991343605588036,0.9992127440384514,0.9964071073948262,0.9993448208084912,0.9978738019691864,0.9999756801987332,0.9999007527699628,0.9973320603868172,0.0009193327315882,0.0006551791915088,0.0006573082854153,0.0029416542914182,0.0002689328439218,119542,110,20,30506,2027,source,ordinary_baseline,complete,
150178,0.999194289443194,0.9988477301814872,0.9977734848236796,0.9982637751425014,0.9980185697676324,0.9999380744178646,0.9997398921523476,0.9975129525192395,0.0005683147795272,0.0017362248574985,0.00069529519376,0.0035041099833563,0.0002232325278806,119584,68,53,30473,2027,source,group_aware,complete,
150178,0.9123706534911904,0.7845924543293089,0.9993099482461184,0.5692851995020638,0.7253527005593121,0.9953389427222716,0.9817364313661058,0.7158451747811113,0.0001002908434459,0.4307148004979362,0.0916197432361907,0.4860070934741174,0.1074812807101025,119640,12,13148,17378,2027,source,ordinary_baseline,single,G1_Packet_Byte_Magnitude
150178,0.9989479151406996,0.9983148935972062,0.9975750426006028,0.9972482473956628,0.9974116182300712,0.9999244874113176,0.9996775681433666,0.9967514188574222,0.0006184602012502,0.0027517526043372,0.000914887763754,0.0049529397637413,0.0014432800795206,119578,74,84,30442,2027,source,group_aware,single,G1_Packet_Byte_Magnitude
150178,0.9881340808906764,0.9761556712724124,0.9852126941255908,0.9559719583306034,0.97037209456988,0.9993213825959136,0.9971476460356126,0.9631265250305664,0.0036606157857787,0.0440280416693965,0.0130225146291422,0.0408615026367958,0.0192737207673713,119214,438,1344,29182,2027,source,ordinary_baseline,single,G2_Temporal_Activity
150178,0.9982554035877426,0.9967090332564362,0.9973051137110556,0.99410338727642,0.9957016766742134,0.9999322427908216,0.9997074045467244,0.9946093101182708,0.0006853207635476,0.0058966127235798,0.0014209204518418,0.0060067971562231,0.0008502357380209,119570,82,180,30346,2027,source,group_aware,single,G2_Temporal_Activity
150178,0.999194289443194,0.999018539906505,0.99731754391704,0.9987224005765576,0.9980194778623456,0.9999710117485678,0.999881672851066,0.9975141436549664,0.0006853207635476,0.0012775994234423,0.0008688275563666,0.0038122217331946,0.001131948298993,119570,82,39,30487,2027,source,ordinary_baseline,single,G3_TCP_Control_Flags
150178,0.9991609956185328,0.9988024348664808,0.9976753323292517,0.9981982572233504,0.997936726272352,0.9999363746217852,0.9997322650610596,0.9974102181204388,0.0005933874903887,0.0018017427766494,0.0007285066864632,0.0036144615320355,0.0003030607294838,119581,71,55,30471,2027,source,group_aware,single,G3_TCP_Control_Flags
150178,0.8543528346362317,0.9057058679237469,0.5833220991815118,0.9922361265806198,0.734715164158106,0.9773679879582826,0.8861509284418665,0.6865545559383538,0.180824390733126,0.0077638734193802,0.1013044318199549,0.4063096120269838,0.1227139815650913,98016,21636,237,30289,2027,source,ordinary_baseline,single,G4_Rate_Header_Flow_Context
150178,0.9699956052151448,0.9295004523250866,0.989797455010918,0.8612658061979952,0.9210692264573992,0.9960718299868412,0.9854308510112422,0.9059846152693738,0.002264901547822,0.1387341938020048,0.0269323563531353,0.0958669477989735,0.0245486415467689,119381,271,4235,26291,2027,source,group_aware,single,G4_Rate_Header_Flow_Context
150178,0.8597930455859047,0.6552722826201006,0.99863100252738,0.3106532136539343,0.4738893608515316,0.9577990559538732,0.8812936316281822,0.5134867533478348,0.0001086484137331,0.6893467863460656,0.1376827966263502,0.9583103873837092,0.1500677371478785,119639,13,21043,9483,2027,source,ordinary_baseline,pairwise_unseen,G1_Packet_Byte_Magnitude+G2_Temporal_Activity
150178,0.9963110442275168,0.9938905369961276,0.9920218005121808,0.9898119635720368,0.9909156500065592,0.9997288652083728,0.9988786657341948,0.9886022319154404,0.0020308895797813,0.010188036427963,0.003173949457085,0.0164736983961379,0.0069368648337648,119409,243,311,30215,2027,source,group_aware,pairwise_unseen,G1_Packet_Byte_Magnitude+G2_Temporal_Activity
150178,0.908415347121416,0.7748264412514696,0.9994639666468136,0.5497281006355238,0.7093160875813678,0.9914438351597016,0.9689978898079464,0.7019395492057775,7.521813258449503e-05,0.4502718993644762,0.0978805517818047,0.5829640074154112,0.1135666556557161,119643,9,13745,16781,2027,source,ordinary_baseline,pairwise_unseen,G1_Packet_Byte_Magnitude+G3_TCP_Control_Flags
150178,0.9968703804818282,0.9932410979873694,0.9974511751075804,0.9871257288868506,0.9922615911485776,0.9999502901707008,0.9997963464377702,0.990321278499208,0.0006435329121117,0.0128742711131494,0.0017656196812551,0.0089799326098774,0.0050737993000602,119575,77,393,30133,2027,source,group_aware,pairwise_unseen,G1_Packet_Byte_Magnitude+G3_TCP_Control_Flags
150178,0.8348559709145148,0.6011295406551238,0.9129995671620256,0.2072986961934089,0.3378807699495421,0.8707612085092851,0.6630261027740195,0.3879379301373254,0.0050396148831611,0.7927013038065911,0.1404794148038531,0.4861929947837565,0.1364931997315217,119049,603,24198,6328,2027,source,ordinary_baseline,pairwise_unseen,G1_Packet_Byte_Magnitude+G4_Rate_Header_Flow_Context
150178,0.8808014489472492,0.7146603803654591,0.9536471433704636,0.4347113935661403,0.5971962827119102,0.9098925813422556,0.8457989961658507,0.5958627585814739,0.0053906328352221,0.5652886064338597,0.0723534629188578,0.2564657044343016,0.0655596313645043,119007,645,17256,13270,2027,source,group_aware,pairwise_unseen,G1_Packet_Byte_Magnitude+G4_Rate_Header_Flow_Context
150178,0.9679979757354604,0.9256846709067426,0.98634747749792,0.854386424687152,0.915636848757197,0.9992058999533424,0.9967031453118644,0.8995343483884661,0.0030170828736669,0.145613575312848,0.0257743759564195,0.0816578063759631,0.0353272978521929,119291,361,4445,26081,2027,source,ordinary_baseline,pairwise_unseen,G2_Temporal_Activity+G3_TCP_Control_Flags
150178,0.9981089107592324,0.9963852867850388,0.997205050637906,0.9934809670444866,0.9953395254192786,0.9999258471660456,0.9996807975980192,0.9941560586296146,0.0007103934744091,0.0065190329555133,0.0014986833232339,0.0063690262867884,0.0009318195640821,119567,85,199,30327,2027,source,group_aware,pairwise_unseen,G2_Temporal_Activity+G3_TCP_Control_Flags
150178,0.8809945531302854,0.8600430355677406,0.6678338373388508,0.8247395662713752,0.7380393996247655,0.9714486042369188,0.9062587264670025,0.6683170370555737,0.104653495135894,0.1752604337286248,0.0598908002735996,0.1826375349853374,0.0707229116053288,107130,12522,5350,25176,2027,source,ordinary_baseline,pairwise_unseen,G2_Temporal_Activity+G4_Rate_Header_Flow_Context
150178,0.9554328863082476,0.8926170695952986,0.9923970083880832,0.7867719321234358,0.8777020483490782,0.9952362808980656,0.9781760119502036,0.859472167194073,0.0015377929328385,0.2132280678765642,0.0282356384949385,0.086608521122022,0.0271126609179016,119468,184,6509,24017,2027,source,group_aware,pairwise_unseen,G2_Temporal_Activity+G4_Rate_Header_Flow_Context
150178,0.8488793298618972,0.9010142349873752,0.5745227536590473,0.988861953744349,0.7267868106468273,0.9717799069090092,0.8589805784668739,0.6767501106218915,0.1868334837695985,0.0111380462556509,0.1038159405856539,0.4191239150060388,0.1245557131285723,97297,22355,340,30186,2027,source,ordinary_baseline,pairwise_unseen,G3_TCP_Control_Flags+G4_Rate_Header_Flow_Context
150178,0.9689967904753026,0.9272265407765904,0.9891838741396264,0.8568433466553103,0.918269905912091,0.9925514688013352,0.975467037888016,0.9027925463069372,0.0023902651021295,0.1431566533446897,0.0274180434583997,0.0971267023867184,0.0240553054822682,119366,286,4370,26156,2027,source,group_aware,pairwise_unseen,G3_TCP_Control_Flags+G4_Rate_Header_Flow_Context
999143,0.8689066530016224,0.61363650165075,0.9891608661033056,0.2277813923227065,0.3702927361624591,0.8171454363319877,0.6568180237211253,0.4403492124696767,0.0005083890212065,0.7722186076772934,0.1332091209556191,1.123411130286243,0.142948550170819,829651,422,130559,38511,2027,target,ordinary_baseline,complete,
999143,0.8534283881286262,0.567557177727634,0.9880911287538832,0.1354468563316969,0.2382364262455395,0.8150995274536691,0.7011922231337255,0.336555045926445,0.0003325008764289,0.864553143668303,0.1260350069418623,1.0474075431786742,0.1364854589366546,829797,276,146170,22900,2027,target,group_aware,complete,
999143,0.8237649665763559,0.4973340792477571,0.0793955384984408,0.0039155379428639,0.007463023088023,0.7328983030984124,0.4593430114012636,-0.0219757452015573,0.0092473794473498,0.996084462057136,0.1635251304996448,1.2805781212505605,0.1672081762038211,822397,7676,168408,662,2027,target,ordinary_baseline,single,G1_Packet_Byte_Magnitude
999143,0.8780745098549457,0.6485444672118114,0.9316317395355636,0.3015969716685396,0.4556775378346134,0.8246893932419292,0.6834320655348574,0.4895228641040149,0.004508037244917,0.6984030283314604,0.0994172166374223,0.6889455485099171,0.1036343762499233,826331,3742,118079,50991,2027,target,group_aware,single,G1_Packet_Byte_Magnitude
999143,0.8311623060963246,0.5011384727958514,0.9748110831234256,0.0022889927249068,0.0045672608826497,0.8288818835971956,0.6710620742848554,0.04283722145095,1.2047133203947125e-05,0.9977110072750932,0.1658199798168269,1.5444829321626052,0.1673535885881774,830063,10,168683,387,2027,target,ordinary_baseline,single,G2_Temporal_Activity
999143,0.8580673637307172,0.5813940427880843,0.9881451237419864,0.1631868456852191,0.2801143199435507,0.8253288830864152,0.6876352336240548,0.3703303417491506,0.0003987601090506,0.8368131543147809,0.1223414966950958,1.0140857187926535,0.1311207083767065,829742,331,141480,27590,2027,target,group_aware,single,G2_Temporal_Activity
999143,0.8552399406291191,0.5730889700415809,0.9859972949319756,0.1466019991719406,0.2552521008403361,0.8155075124695286,0.6499650316318037,0.3499671684116064,0.0004240590887789,0.8533980008280594,0.1385046718133796,1.1807426231334788,0.1466072191395559,829721,352,144284,24786,2027,target,ordinary_baseline,single,G3_TCP_Control_Flags
999143,0.8548756284135504,0.5718264479785455,0.9889096522586936,0.1439817826935588,0.2513656123829291,0.8198391336071015,0.7092913910255022,0.3474562483413256,0.0003288867364677,0.8560182173064411,0.1256429998379311,1.0320444018987442,0.1364673350875989,829800,273,144727,24343,2027,target,group_aware,single,G3_TCP_Control_Flags
999143,0.7612363795772977,0.5776990357986267,0.2968431146687872,0.30027207665464,0.298547750174217,0.7345773740344674,0.3539945613187293,0.1546903237606742,0.1448740050573865,0.6997279233453599,0.1883594690536811,0.8563931073547825,0.1873181376647952,709817,120256,118303,50767,2027,target,ordinary_baseline,single,G4_Rate_Header_Flow_Context
999143,0.8301144080476969,0.5031100784737296,0.40831964969896,0.0088247471461524,0.0172761168106343,0.8290907931107986,0.539976303232314,0.0386358311041825,0.0026045901986933,0.9911752528538476,0.1472905240292693,0.8748391815938872,0.151217490060339,827911,2162,167578,1492,2027,target,group_aware,single,G4_Rate_Header_Flow_Context
999143,0.8308080024581066,0.5000703741619416,0.96,0.0001419530372035,0.000283864100062,0.7249199665607352,0.4931377583802562,0.010550092220882,1.2047133203947122e-06,0.9998580469627965,0.1651099187452492,1.61311063371538,0.166829187452017,830072,1,169046,24,2027,target,ordinary_baseline,pairwise_unseen,G1_Packet_Byte_Magnitude+G2_Temporal_Activity
999143,0.8776401375979214,0.6451956416741831,0.9454753068798172,0.293842787011297,0.4483451029939309,0.8369568378332082,0.6619944273017383,0.4877828274294256,0.0034515036629308,0.7061572129887029,0.1040607693301317,0.6245526704525964,0.1121656327771453,827208,2865,119390,49680,2027,target,group_aware,pairwise_unseen,G1_Packet_Byte_Magnitude+G2_Temporal_Activity
999143,0.8236868996730198,0.4970021406361949,0.0661854661120626,0.0031998580469627,0.0061045789984428,0.7280481743275021,0.4560103235695748,-0.0249565943517269,0.0091955767745728,0.9968001419530372,0.1647116055652659,1.34750381044508,0.1683827474099673,822440,7633,168529,541,2027,target,ordinary_baseline,pairwise_unseen,G1_Packet_Byte_Magnitude+G3_TCP_Control_Flags
999143,0.8798079954521024,0.6502848284386098,0.9569719926109752,0.3033477257940498,0.4606692625177959,0.8304511963960493,0.7084128244736327,0.5001960663465373,0.0027780689168302,0.6966522742059502,0.0977124913559372,0.6682544531695237,0.1042965063740288,827767,2306,117783,51287,2027,target,group_aware,pairwise_unseen,G1_Packet_Byte_Magnitude+G3_TCP_Control_Flags
999143,0.8283108624090846,0.5376793057546112,0.4654130288784419,0.0983734547820429,0.1624171166860346,0.562801946780186,0.266681860208384,0.1521480671667159,0.0230148432728205,0.901626545217957,0.1502724013655821,0.869706529112141,0.1343315540076146,810969,19104,152438,16632,2027,target,ordinary_baseline,pairwise_unseen,G1_Packet_Byte_Magnitude+G4_Rate_Header_Flow_Context
999143,0.8214910178022565,0.5410237070365461,0.4050045011866764,0.1170816821434908,0.1816505005827131,0.5590586735967636,0.2679838510946145,0.1426217187818787,0.0350342680703986,0.8829183178565091,0.1605843426613247,0.6360573541531147,0.1385180128593234,800992,29081,149275,19795,2027,target,group_aware,pairwise_unseen,G1_Packet_Byte_Magnitude+G4_Rate_Header_Flow_Context
999143,0.830826017897338,0.5001212515526113,1.0,0.0002425031052226,0.0004848886234485,0.834402492972879,0.6528672481884656,0.0141942314231601,0.0,0.9997574968947772,0.1671050983853644,1.6059672520185744,0.1680941406201924,830073,0,169029,41,2027,target,ordinary_baseline,pairwise_unseen,G2_Temporal_Activity+G3_TCP_Control_Flags
999143,0.8580563542956313,0.5813897718631036,0.987721056776688,0.1631927603951026,0.2801059876956813,0.8269250980557568,0.6907431699749538,0.3702272093190893,0.0004132166688953,0.8368072396048973,0.1225179103301525,1.0070082057537582,0.1312951397174078,829730,343,141479,27591,2027,target,group_aware,pairwise_unseen,G2_Temporal_Activity+G3_TCP_Control_Flags
999143,0.8611630167053165,0.5985363607887241,0.901439001163898,0.2015614834092387,0.3294565774336069,0.8219399336727655,0.5202765195131994,0.3872672543875289,0.0044887618317906,0.7984385165907613,0.1316737672620763,0.5482624120562114,0.1262676724714043,826347,3726,134992,34078,2027,target,ordinary_baseline,pairwise_unseen,G2_Temporal_Activity+G4_Rate_Header_Flow_Context
999143,0.8288122921343591,0.4993214346515642,0.0898876404494382,0.0012775773348317,0.0025193470692178,0.8758041262771679,0.644781907288577,-0.0103883187073831,0.0026347080317032,0.9987224226651684,0.1471537257587947,0.7789167235024478,0.156301087956467,827886,2187,168854,216,2027,target,group_aware,pairwise_unseen,G2_Temporal_Activity+G4_Rate_Header_Flow_Context
999143,0.7630749552366378,0.5785488701707212,0.2998082477155437,0.2996273732773407,0.299717783207805,0.7349016938371964,0.3531561468569847,0.1571354961918896,0.1425296329358984,0.7003726267226592,0.1901622800065681,0.8650473773387252,0.1868746599921257,711763,118310,118412,50658,2027,target,ordinary_baseline,pairwise_unseen,G3_TCP_Control_Flags+G4_Rate_Header_Flow_Context
999143,0.8318118627663907,0.5041222553762981,0.7630769230769231,0.0088010883066185,0.0174014735118699,0.8330608431129447,0.5468949538741974,0.0700405249813081,0.0005565775540223,0.9911989116933816,0.1501733942659638,0.8723448004928082,0.1536743856882711,829611,462,167582,1488,2027,target,group_aware,pairwise_unseen,G3_TCP_Control_Flags+G4_Rate_Header_Flow_Context
150178,0.9991609956185328,0.9992050577897374,0.9966021955044432,0.9992793028893402,0.9979389537736776,0.9999758220195224,0.999901449109242,0.9974136619713444,0.0008691873098652,0.0007206971106597,0.0006566050596137,0.0029374878757361,0.0002991627880606,119548,104,22,30504,2028,source,ordinary_baseline,complete,
150178,0.9992009482081264,0.9988641096612748,0.9977735577237902,0.998296534102077,0.99803497740224,0.9999419258926736,0.9997559502082964,0.9975335436421844,0.0005683147795272,0.001703465897923,0.0007018580644933,0.0035136951715219,0.0002354171451669,119584,68,52,30474,2028,source,group_aware,complete,
150178,0.8793498381920122,0.7032690085048428,0.9996778091018927,0.406571447290834,0.5780489508860995,0.996570035467616,0.9864498746133176,0.5940957393636034,3.343028114866446e-05,0.593428552709166,0.1018670310424718,0.5218279874212405,0.1161073026311269,119648,4,18115,12411,2028,source,ordinary_baseline,single,G1_Packet_Byte_Magnitude
150178,0.9988946450212416,0.9982326605374808,0.9974439638222572,0.9971172115573608,0.9972805609252646,0.9999127940408477,0.9996298880089578,0.9965869326660376,0.0006518904823989,0.002882788442639,0.0009585321150143,0.0050711467649861,0.001186268059524,119574,78,88,30438,2028,source,group_aware,single,G1_Packet_Byte_Magnitude
150178,0.9847247932453488,0.966305294263802,0.9889843425245948,0.9352682958789228,0.961376570023908,0.9994339876180136,0.9976574267037706,0.9524421865744244,0.0026577073513188,0.0647317041210771,0.0139805666636132,0.0435290799308368,0.0205419672475264,119334,318,1976,28550,2028,source,ordinary_baseline,single,G2_Temporal_Activity
150178,0.9981422045838938,0.9964183814054008,0.997336314906771,0.993513726004062,0.9954213506195126,0.9999311617495362,0.9997053679835346,0.9942589290959852,0.0006769631932604,0.0064862739959378,0.0014309047662626,0.006075859126977,0.0007487598659484,119571,81,198,30328,2028,source,group_aware,single,G2_Temporal_Activity
150178,0.9991143842640068,0.99878538406512,0.9974141599292986,0.998231016182926,0.9978224208785632,0.9999692669148053,0.9998745775556984,0.9972667161377315,0.0006602480526861,0.0017689838170739,0.0010826030461307,0.0045858806196716,0.0018739956594168,119573,79,54,30472,2028,source,ordinary_baseline,single,G3_TCP_Control_Flags
150178,0.9991609956185328,0.9988024348664808,0.9976753323292517,0.9981982572233504,0.997936726272352,0.9999558908598372,0.9998153894557446,0.9974102181204388,0.0005933874903887,0.0018017427766494,0.0007274997998423,0.003510219872438,0.0002037269314352,119581,71,55,30471,2028,source,group_aware,single,G3_TCP_Control_Flags
150178,0.8680565728668647,0.914940243870736,0.6071721598527146,0.9939395924785428,0.7538417580779407,0.9833804893480442,0.9268858571463756,0.7087652790040527,0.1640591047370708,0.0060604075214571,0.0945475164824075,0.3728977088334176,0.1166782873577189,100022,19630,185,30341,2028,source,ordinary_baseline,single,G4_Rate_Header_Flow_Context
150178,0.9699623113904832,0.929406354231504,0.9898324232724534,0.8610692524405424,0.9209719521381896,0.9968964150692056,0.9880631231086656,0.9058798537781336,0.0022565439775348,0.1389307475594575,0.0263884767157498,0.0896452546314873,0.0236610890563591,119382,270,4241,26285,2028,source,group_aware,single,G4_Rate_Header_Flow_Context
150178,0.8509768408155656,0.6335370486025802,0.9988975992160706,0.2671493153377449,0.421555957611786,0.9640433497341904,0.8940635140811596,0.4740341414450819,7.521813258449503e-05,0.7328506846622551,0.141926430261965,0.9868553578404268,0.1534155990737311,119643,9,22371,8155,2028,source,ordinary_baseline,pairwise_unseen,G1_Packet_Byte_Magnitude+G2_Temporal_Activity
150178,0.9963376792872458,0.9939682556099227,0.9919905462184874,0.989975758369914,0.9909821282177406,0.9996628562552732,0.998655686193956,0.9886851990205198,0.0020392471500685,0.0100242416300858,0.0034188166118862,0.01727713000797,0.0064679127356599,119408,244,306,30220,2028,source,group_aware,pairwise_unseen,G1_Packet_Byte_Magnitude+G2_Temporal_Activity
150178,0.8746820439744836,0.6918113945629378,0.9994879672299029,0.3836729345475987,0.5544929457437743,0.99177963461857,0.9705718137260234,0.5755862612682353,5.014542172299669e-05,0.6163270654524012,0.108716925844667,0.6420193856081722,0.1218316095269484,119646,6,18814,11712,2028,source,ordinary_baseline,pairwise_unseen,G1_Packet_Byte_Magnitude+G3_TCP_Control_Flags
150178,0.9982221097630812,0.9966271358574976,0.99730467080827,0.9939395924785428,0.9956192882573957,0.9999389253425994,0.999747867278086,0.9945062718488062,0.0006853207635476,0.0060604075214571,0.0014300673775902,0.0079620318754909,0.0040589581374445,119570,82,185,30341,2028,source,group_aware,pairwise_unseen,G1_Packet_Byte_Magnitude+G3_TCP_Control_Flags
150178,0.8476008469948993,0.6323822594116706,0.9326084494280212,0.2697372731442049,0.4184474653792402,0.8671530733970069,0.6753803427069194,0.4529524230517667,0.0049727543208638,0.7302627268557951,0.1396607972947052,0.5185680007292346,0.1366819375224501,119057,595,22292,8234,2028,source,ordinary_baseline,pairwise_unseen,G1_Packet_Byte_Magnitude+G4_Rate_Header_Flow_Context
150178,0.8729241300323616,0.691769655719072,0.9706317867719644,0.3865229640306624,0.552879433953423,0.9355546145299014,0.8672211479524443,0.5658942895776775,0.0029836525925183,0.6134770359693376,0.0733873428296249,0.251804645223062,0.0670901420638895,119295,357,18727,11799,2028,source,group_aware,pairwise_unseen,G1_Packet_Byte_Magnitude+G4_Rate_Header_Flow_Context
150178,0.9658538534272664,0.9196418346525153,0.9885358159575288,0.8417742252506061,0.9092710544939844,0.9992784786586728,0.9970319164388692,0.8927591793284149,0.0024905559455755,0.1582257747493939,0.0274713589702658,0.0897843782629504,0.0361324438702606,119354,298,4830,25696,2028,source,ordinary_baseline,pairwise_unseen,G2_Temporal_Activity+G3_TCP_Control_Flags
150178,0.9981355458189616,0.9964508047041896,0.9972054182009468,0.9936120028827884,0.9954054674936824,0.9999261484667764,0.9996839833375942,0.9942384991181368,0.0007103934744091,0.0063879971172115,0.0014984708411877,0.0063717939410446,0.0008282681752206,119567,85,195,30331,2028,source,group_aware,pairwise_unseen,G2_Temporal_Activity+G3_TCP_Control_Flags
150178,0.8894844784189428,0.9213599743477624,0.6527269138834675,0.9750704317630872,0.7819827393697374,0.980921647186634,0.9302601033183124,0.7375185240683798,0.1323504830675625,0.0249295682369127,0.0529857867430671,0.1676440410645105,0.0533355184872928,103816,15836,761,29765,2028,source,ordinary_baseline,pairwise_unseen,G2_Temporal_Activity+G4_Rate_Header_Flow_Context
150178,0.9572174353100988,0.897616804910615,0.9904758028409784,0.7971892812684269,0.8833832471186133,0.9953362677029278,0.9780704989004818,0.8651382997828099,0.0019556714471968,0.202810718731573,0.0264625187330241,0.0808510444786971,0.0253278565894394,119418,234,6191,24335,2028,source,group_aware,pairwise_unseen,G2_Temporal_Activity+G4_Rate_Header_Flow_Context
150178,0.8614311017592456,0.9095744838831012,0.5956901985502678,0.990696455480574,0.7440155485029646,0.9780377766075684,0.9057813645673224,0.696863559859687,0.1715474877143716,0.009303544519426,0.0969990938782009,0.3913247927464572,0.1194883557847567,99126,20526,284,30242,2028,source,ordinary_baseline,pairwise_unseen,G3_TCP_Control_Flags+G4_Rate_Header_Flow_Context
150178,0.9689901317103704,0.9272223619914468,0.989146465983436,0.8568433466553103,0.918253787147396,0.9955614253172416,0.98376000841515,0.9027702933620252,0.0023986226724166,0.1431566533446897,0.0268177469362679,0.0894717427470571,0.0233974089356038,119365,287,4370,26156,2028,source,group_aware,pairwise_unseen,G3_TCP_Control_Flags+G4_Rate_Header_Flow_Context
999143,0.8550057399191107,0.572385173993806,0.9860608982084036,0.1451883835097888,0.2531088243179146,0.787324348806699,0.6368174711675908,0.34824806463626,0.0004180355221769,0.8548116164902112,0.1380684923294973,1.177975573014764,0.1458154904344395,829726,347,144523,24547,2028,target,ordinary_baseline,complete,
999143,0.8473802048355441,0.5496976568061063,0.9836084699294172,0.0997338380552433,0.1811044341694725,0.812669942945643,0.7107917789345896,0.2869843221585758,0.0003385244430309,0.9002661619447566,0.1269754420485045,1.0691690762030432,0.138602919548323,829792,281,152208,16862,2028,target,group_aware,complete,
999143,0.8308580453448605,0.5004019317749889,0.658008658008658,0.0008990359022889,0.0017956184547049,0.7237278208329283,0.4512967089439744,0.0198245871436079,9.517235231118228e-05,0.999100964097711,0.1659153979518911,1.4010247025241955,0.1652868301911124,829994,79,168918,152,2028,target,ordinary_baseline,single,G1_Packet_Byte_Magnitude
999143,0.8779594112154117,0.6486494660687228,0.9285220743326787,0.3020346601999172,0.4558032008426089,0.7991103772325148,0.6933027041411719,0.4887642235801454,0.0047357280624716,0.6979653398000828,0.0971468984927002,0.7006363306584926,0.1029721336214695,826142,3931,118005,51065,2028,target,group_aware,single,G1_Packet_Byte_Magnitude
999143,0.8308330239014836,0.500144308035485,0.98,0.0002898207842905,0.0005794701986754,0.7933634583160998,0.6560343552313759,0.0152976235741951,1.2047133203947122e-06,0.9997101792157096,0.1669626781208136,1.5677022281679482,0.1679772668735907,830072,1,169021,49,2028,target,ordinary_baseline,single,G2_Temporal_Activity
999143,0.8522383682816174,0.5641421476280113,0.9855479545145652,0.1286685988052286,0.2276201587293283,0.8161837314451368,0.6945587063441826,0.3272437733714306,0.0003843035492059,0.8713314011947714,0.1244813818842799,1.0453200346026492,0.1356617095138056,829754,319,147316,21754,2028,target,group_aware,single,G2_Temporal_Activity
999143,0.8532412277321665,0.5670182823432178,0.9877396634928916,0.134376293842787,0.2365687688406891,0.7744092152910206,0.6091455664718,0.3351080417860536,0.0003397291563513,0.865623706157213,0.1422700590319499,1.2454517577480482,0.1486125014721647,829791,282,146351,22719,2028,target,ordinary_baseline,single,G3_TCP_Control_Flags
999143,0.8426201254475085,0.5356348317014719,0.977237872306078,0.0716093925592949,0.1334406119288654,0.824274909689466,0.7143184714718007,0.2414757666706653,0.0003397291563513,0.928390607440705,0.1254155658509704,1.034770664947075,0.1382259904421911,829791,282,156963,12107,2028,target,group_aware,single,G3_TCP_Control_Flags
999143,0.7928724917254086,0.6013759190871627,0.3678776717450751,0.3119181404152126,0.3375946636280416,0.7445932585747076,0.4291023702402671,0.2168555216457372,0.1091663022408872,0.6880818595847874,0.1656301624306749,0.7383788087176915,0.1573842735148831,739457,90616,116334,52736,2028,target,ordinary_baseline,single,G4_Rate_Header_Flow_Context
999143,0.8318849253810515,0.5040225725173184,0.8131054131054131,0.0084402910037262,0.0167071564466559,0.8505519139197187,0.5774562760353756,0.0720368424189934,0.0003951459690894,0.9915597089962738,0.1491120588844645,0.8675489878326371,0.1529145067938015,829745,328,167643,1427,2028,target,group_aware,single,G4_Rate_Header_Flow_Context
999143,0.831661734106129,0.5025929979272459,0.9988610478359908,0.0051872005678121,0.0103208040106385,0.7507573484371433,0.5510655522158284,0.0656225957401954,1.2047133203947122e-06,0.9948127994321878,0.1648621216535863,1.609389120155833,0.1665701457557395,830072,1,168193,877,2028,target,ordinary_baseline,pairwise_unseen,G1_Packet_Byte_Magnitude+G2_Temporal_Activity
999143,0.8715649311459921,0.6275883269269259,0.9356169948895589,0.2588040456615603,0.4054541158374143,0.8459893571978431,0.6840110655691619,0.4529584659625661,0.0036273918077084,0.7411959543384397,0.0997556320365975,0.5836918211951453,0.0980849278148944,827062,3011,125314,43756,2028,target,group_aware,pairwise_unseen,G1_Packet_Byte_Magnitude+G2_Temporal_Activity
999143,0.8308160093199872,0.5002282679035234,0.6054421768707483,0.0005264091796297,0.0010519037685338,0.7116221611103488,0.4486864927462341,0.014113207407395,6.987337258289332e-05,0.9994735908203702,0.1663684568406582,1.4704978637440391,0.165648303506239,830015,58,168981,89,2028,target,ordinary_baseline,pairwise_unseen,G1_Packet_Byte_Magnitude+G3_TCP_Control_Flags
999143,0.8817326448766593,0.6563439117200598,0.9558676028084252,0.3156562370615721,0.4745889320681897,0.8343752548479129,0.7198299297366474,0.5104266573051595,0.0029684136214525,0.6843437629384279,0.0948290529789121,0.6483516016297037,0.1022637448962282,827609,2464,115702,53368,2028,target,group_aware,pairwise_unseen,G1_Packet_Byte_Magnitude+G3_TCP_Control_Flags
999143,0.830141431206544,0.5005028740179163,0.270192994996426,0.0022357603359555,0.0044348239269309,0.5490539347282665,0.2630815480562805,0.0100846816620088,0.001230012300123,0.9977642396640444,0.1544536467074053,0.8733529285323198,0.1380605518403014,829052,1021,168692,378,2028,target,ordinary_baseline,pairwise_unseen,G1_Packet_Byte_Magnitude+G4_Rate_Header_Flow_Context
999143,0.8228882152004268,0.5374466201580075,0.4097832052689352,0.1059856864020819,0.1684132369665128,0.5665222680692608,0.2744814519642639,0.1372644917605182,0.0310924460860671,0.894014313597918,0.1504593824081616,0.6410930947296914,0.1120423092049029,804264,25809,151151,17919,2028,target,group_aware,pairwise_unseen,G1_Packet_Byte_Magnitude+G4_Rate_Header_Flow_Context
999143,0.8308240161818679,0.5001153368427279,1.0,0.0002306736854557,0.0004612409747559,0.7982173010841459,0.6385367454964301,0.0138436886146521,0.0,0.9997693263145444,0.1679001545602689,1.6382089289653088,0.1685074671348592,830073,0,169031,39,2028,target,ordinary_baseline,pairwise_unseen,G2_Temporal_Activity+G3_TCP_Control_Flags
999143,0.8522103442650352,0.5641064416552735,0.9846502150781072,0.1286212811261607,0.2275221678742381,0.8305684682547706,0.6995731728633104,0.3269747472736177,0.0004083978156138,0.8713787188738392,0.1252948265381814,1.016053057827754,0.1367733205217777,829734,339,147324,21746,2028,target,group_aware,pairwise_unseen,G2_Temporal_Activity+G3_TCP_Control_Flags
999143,0.8580033088356722,0.6008642977261318,0.8051983031445694,0.2121843023599692,0.3358627114121607,0.8254788696525364,0.5555019774687412,0.3664476730337045,0.0104557069077057,0.7878156976400308,0.1141397794878846,0.4449428015262927,0.1161199310713143,821394,8679,133196,35874,2028,target,ordinary_baseline,pairwise_unseen,G2_Temporal_Activity+G4_Rate_Header_Flow_Context
999143,0.8307229295506249,0.5008716832237432,0.4628297362110312,0.0022830780150233,0.0045437423486203,0.8835667870121691,0.6544160481920431,0.0226341706034249,0.0005397115675368,0.9977169219849766,0.1498434641852652,0.781870279084769,0.1579408221827917,829625,448,168684,386,2028,target,group_aware,pairwise_unseen,G2_Temporal_Activity+G4_Rate_Header_Flow_Context
999143,0.7844813004745067,0.5980849445643805,0.3490373947660379,0.3163364286981723,0.3318833385044989,0.7445625310778067,0.4271420079184272,0.2041216246773954,0.1201665395694113,0.6836635713018276,0.1725912007000447,0.7508596612751965,0.1662688247979852,730326,99747,115587,53483,2028,target,ordinary_baseline,pairwise_unseen,G3_TCP_Control_Flags+G4_Rate_Header_Flow_Context
999143,0.8318749168037007,0.503992998967901,0.8120343839541547,0.0083811439048914,0.0165910487954804,0.8440412180129478,0.5694732052906024,0.0717114743751668,0.0003951459690894,0.9916188560951086,0.1505774102881625,0.8629028367002448,0.1540840562213369,829745,328,167653,1417,2028,target,group_aware,pairwise_unseen,G3_TCP_Control_Flags+G4_Rate_Header_Flow_Context
150178,0.999167654383465,0.9992580393534576,0.9965049812183572,0.999410338727642,0.9979555453787148,0.9999758092885056,0.9999013457333444,0.9974346702482724,0.0008942600207267,0.0005896612723579,0.0006511977314364,0.0029287110723812,0.0002970075323381,119545,107,18,30508,2029,source,ordinary_baseline,complete,
150178,0.9992342420327878,0.9989338063655692,0.9978065149779014,0.9984275699403788,0.9981169458499124,0.9999417308206422,0.999755760790643,0.9976364235301026,0.0005599572092401,0.0015724300596213,0.0006781278758724,0.0034203283997993,0.0001923204079651,119585,67,48,30478,2029,source,group_aware,complete,
150178,0.8878597397754664,0.7242751878414162,0.9992703392922292,0.448633951385704,0.6192489430489928,0.9963987301911924,0.9856130037747156,0.6268206084748469,8.357570287166115e-05,0.5513660486142961,0.0977445973916913,0.4829116819842985,0.1126839566617185,119642,10,16831,13695,2029,source,ordinary_baseline,single,G1_Packet_Byte_Magnitude
150178,0.9988480336667156,0.9981912083468316,0.9972477965990628,0.9970844525977854,0.997166117909152,0.9999213691335612,0.9996637041310468,0.9964432084548052,0.0007020359041219,0.0029155474022145,0.0009292839881851,0.0048468066669864,0.0012996894385658,119568,84,89,30437,2029,source,group_aware,single,G1_Packet_Byte_Magnitude
150178,0.9866624938406424,0.9719013701178304,0.9868236900494964,0.9470287623665072,0.9665167750455526,0.9993973388536862,0.9974880674536528,0.958510333113198,0.0032260221308461,0.0529712376334927,0.0135389031009941,0.0404650617982984,0.0209117514008781,119266,386,1617,28909,2029,source,ordinary_baseline,single,G2_Temporal_Activity
150178,0.9983219912370652,0.996836225970381,0.9974040483701369,0.9943326999934482,0.9958660061025624,0.9999377943354956,0.9997411701375782,0.9948152306921864,0.0006602480526861,0.0056673000065517,0.0013775442830048,0.005779654844558,0.0007177812453746,119573,79,173,30353,2029,source,group_aware,single,G2_Temporal_Activity
150178,0.9990544553796162,0.998613567357742,0.997478551313118,0.997870667627596,0.9976745709419624,0.999968454046228,0.9998711464474296,0.9970811840557204,0.0006435329121117,0.0021293323724038,0.0011658679251448,0.0048138939281234,0.0020382815383124,119575,77,65,30461,2029,source,ordinary_baseline,single,G3_TCP_Control_Flags
150178,0.9992009482081264,0.9989007117452072,0.9976757889223518,0.9983948109808032,0.9980351704489636,0.9999429601166714,0.9997605023505756,0.997533772181288,0.0005933874903887,0.0016051890191967,0.000712521723406,0.0035668746085217,0.0004270993166599,119581,71,49,30477,2029,source,group_aware,single,G3_TCP_Control_Flags
150178,0.882173154523299,0.9231526315589929,0.6343700911090167,0.9922033676210444,0.7739264861826219,0.9814795043256752,0.9219091024173394,0.731371575877295,0.1458981045030588,0.0077966323789556,0.0802881894339771,0.281817461538987,0.0972011236315023,102195,17457,238,30288,2029,source,ordinary_baseline,single,G4_Rate_Header_Flow_Context
150178,0.9702286619877744,0.930085934812301,0.9897740516560772,0.8624451287427112,0.9217330415754924,0.9962515158315184,0.9859980588025756,0.9067241305159514,0.0022732591181091,0.1375548712572888,0.0269555350305167,0.0987974124525182,0.0245278404371547,119380,272,4199,26327,2029,source,group_aware,single,G4_Rate_Header_Flow_Context
150178,0.855664611327891,0.6451780086249337,0.9979743416610398,0.2905064535150363,0.4500152237897087,0.9673970226218002,0.8925195212764447,0.4952378402644875,0.0001504362651689,0.7094935464849637,0.1423629813448483,0.960516631287144,0.1567477637032913,119634,18,21658,8868,2029,source,ordinary_baseline,pairwise_unseen,G1_Packet_Byte_Magnitude+G2_Temporal_Activity
150178,0.9963509968171104,0.9941962256838044,0.9914748508098892,0.9905654196422722,0.9910199265862611,0.9996582621378188,0.99856391012084,0.9887303847625408,0.0021729682746631,0.0094345803577278,0.003736781968833,0.0184960435883533,0.0084808864003483,119392,260,288,30238,2029,source,group_aware,pairwise_unseen,G1_Packet_Byte_Magnitude+G2_Temporal_Activity
150178,0.8831719692631411,0.71274403407086,0.9992308283978156,0.4255716438445915,0.5969168562041951,0.9901531602975584,0.9647836624576838,0.6089102536164339,8.357570287166115e-05,0.5744283561554085,0.1040617990090314,0.6165573440745712,0.1185957053471837,119642,10,17535,12991,2029,source,ordinary_baseline,pairwise_unseen,G1_Packet_Byte_Magnitude+G3_TCP_Control_Flags
150178,0.9979291241060608,0.9960650477772116,0.9968755138957408,0.992924064731704,0.9948958658154304,0.9999490997521852,0.9997929006650488,0.9936000101045328,0.0007939691772807,0.0070759352682958,0.0014307775254196,0.0075542380454731,0.0038035000207872,119557,95,216,30310,2029,source,group_aware,pairwise_unseen,G1_Packet_Byte_Magnitude+G3_TCP_Control_Flags
150178,0.8081742998308674,0.5281765483592387,0.9982598607888632,0.0563781694293389,0.1067286821705426,0.8808404441619915,0.6725189240194149,0.2128865063192275,2.5072710861498344e-05,0.9436218305706612,0.1640558186320309,0.5900311645580324,0.166490077543805,119649,3,28805,1721,2029,source,ordinary_baseline,pairwise_unseen,G1_Packet_Byte_Magnitude+G4_Rate_Header_Flow_Context
150178,0.9034412497170023,0.7761703429889679,0.9385844873829984,0.5617178798401363,0.7028179116712778,0.9223770131157116,0.8661219572227816,0.6799975753984518,0.0093771938622003,0.4382821201598637,0.0624098039680833,0.2303665483607226,0.0559620177486456,118530,1122,13379,17147,2029,source,group_aware,pairwise_unseen,G1_Packet_Byte_Magnitude+G4_Rate_Header_Flow_Context
150178,0.9658272183675372,0.9196251195119408,0.9883837218247558,0.8417742252506061,0.9092067086547309,0.999166395745154,0.9965668177250832,0.8926693167177555,0.0025239862267241,0.1582257747493939,0.0292367389190359,0.1002346210597266,0.0364648525893025,119350,302,4830,25696,2029,source,ordinary_baseline,pairwise_unseen,G2_Temporal_Activity+G3_TCP_Control_Flags
150178,0.9982487448228102,0.9967292558605808,0.9972069792659284,0.994168905195571,0.9956856247641858,0.9999303780390943,0.9997075708664528,0.9945888563829862,0.0007103934744091,0.005831094804429,0.001449358361952,0.0061071868952196,0.0009029215770758,119567,85,178,30348,2029,source,group_aware,pairwise_unseen,G2_Temporal_Activity+G3_TCP_Control_Flags
150178,0.918490058463956,0.8830979476201354,0.7858013692206696,0.8234619668479329,0.8041909941614013,0.9631505818433876,0.8764114003133506,0.7530882837705657,0.0572660716076622,0.1765380331520671,0.0617469149981411,0.1880228761873063,0.0655971160629468,112800,6852,5389,25137,2029,source,ordinary_baseline,pairwise_unseen,G2_Temporal_Activity+G4_Rate_Header_Flow_Context
150178,0.9566847341155162,0.8963186472222414,0.9904046384386102,0.7946013234619669,0.8817638184561135,0.9956562329254476,0.9791538744414502,0.8634177932396233,0.001964029017484,0.2053986765380331,0.0273114392199658,0.0829269732406635,0.0266744367534829,119417,235,6270,24256,2029,source,group_aware,pairwise_unseen,G2_Temporal_Activity+G4_Rate_Header_Flow_Context
150178,0.8733569497529599,0.9165584595948488,0.61767051845792,0.9893533381379808,0.7605293310333539,0.9738544590851176,0.890908617837125,0.7154847505455565,0.1562364189482833,0.0106466618620192,0.0851488090803078,0.3166783031337592,0.1022433985508812,100958,18694,325,30201,2029,source,ordinary_baseline,pairwise_unseen,G3_TCP_Control_Flags+G4_Rate_Header_Flow_Context
150178,0.9696826432633276,0.929023433446523,0.988894326695027,0.86051235012776,0.9202473331114576,0.9925756309022652,0.9755548504714922,0.9049650213565682,0.002465483234714,0.13948764987224,0.0274017405699189,0.0992700895582849,0.0242688279736646,119357,295,4258,26268,2029,source,group_aware,pairwise_unseen,G3_TCP_Control_Flags+G4_Rate_Header_Flow_Context
999143,0.8684782858910086,0.6122270988405111,0.990594794570513,0.2248890991896847,0.3665601365128487,0.8111383965341564,0.662109436049372,0.4378670218020583,0.0004349015086624,0.7751109008103153,0.1326478422106412,1.1606041716177302,0.1428273067944107,829712,361,131048,38022,2029,target,ordinary_baseline,complete,
999143,0.8580663628729821,0.5812568505310945,0.9901460116521614,0.1628437925119772,0.2796887380889494,0.829693601180433,0.7191953470628967,0.3704479329939606,0.0003300914497881,0.8371562074880227,0.1253479065387494,1.0414120015731958,0.1357806180201363,829799,274,141538,27532,2029,target,group_aware,complete,
999143,0.8231033996134688,0.4971219663596085,0.0809216992464781,0.0043828000236588,0.0083152384318874,0.7298534401382042,0.4585578947816142,-0.0226478066237198,0.0101388673044418,0.9956171999763412,0.1663405097782128,1.3361990823349736,0.1693352873524752,821657,8416,168329,741,2029,target,ordinary_baseline,single,G1_Packet_Byte_Magnitude
999143,0.8797439405570574,0.6534820452511969,0.933622905770765,0.3114745371739516,0.4671116531766271,0.8194191943500071,0.6947385868729781,0.4986831399801502,0.0045104466715578,0.6885254628260484,0.0950855481787,0.6849382030532635,0.1015541944090053,826329,3744,116409,52661,2029,target,group_aware,single,G1_Packet_Byte_Magnitude
999143,0.8308580453448605,0.5004867117131244,0.6204620462046204,0.0011119654580942,0.0022199524127222,0.8265051617842591,0.6537649664186589,0.0209615762205706,0.0001385420318453,0.9988880345419056,0.1643912046545169,1.5292901500407154,0.1665842579423044,829958,115,168882,188,2029,target,ordinary_baseline,single,G2_Temporal_Activity
999143,0.8769335320369557,0.6371095684622252,0.9931971333832496,0.2746022357603359,0.4302481291847184,0.8237667450226903,0.6812456783433919,0.4868692661344416,0.0003830988358855,0.7253977642396641,0.121687205926546,1.0257044184501305,0.1301742621018966,829755,318,122643,46427,2029,target,group_aware,single,G2_Temporal_Activity
999143,0.8536295605333771,0.5682410960056223,0.9866115209141688,0.1368604719938487,0.2403764744991507,0.8049902135476463,0.6475406121397994,0.3379965601814496,0.0003782799826039,0.8631395280061513,0.1397244060176294,1.2302544876000696,0.1477880987802734,829759,314,145931,23139,2029,target,ordinary_baseline,single,G3_TCP_Control_Flags
999143,0.8579442582293025,0.5809525731869594,0.9892542910716862,0.1622641509433962,0.2787979796953283,0.8271985889178557,0.7184275660676498,0.3695387364554451,0.0003590045694776,0.8377358490566038,0.1243851311592128,1.0221027512527967,0.1360702265552102,829775,298,141636,27434,2029,target,group_aware,single,G3_TCP_Control_Flags
999143,0.8043152982105665,0.6215307231014109,0.407648739061507,0.3452416158987401,0.3738587125348671,0.7474955567460412,0.3623168380084363,0.2600937896341092,0.1021801696959183,0.6547583841012599,0.160835938520336,0.7417598340145664,0.1568334834773737,745256,84817,110700,58370,2029,target,ordinary_baseline,single,G4_Rate_Header_Flow_Context
999143,0.8321101183714443,0.5046620723981129,0.8381001021450459,0.009706038918791,0.0191898402600743,0.8480210139477665,0.5759282355684863,0.0790507904711058,0.0003818941225651,0.9902939610812088,0.1523295465214035,0.8895868869006692,0.155517764307855,829756,317,167429,1641,2029,target,group_aware,single,G4_Rate_Header_Flow_Context
999143,0.8307589604290877,0.5000408586855919,0.3243243243243243,0.0001419530372035,0.0002837818663387,0.7171107808689801,0.5063173789369797,0.0035603460017146,6.0235666019735614e-05,0.9998580469627965,0.1645308325044489,1.612031267266375,0.1664811090473426,830023,50,169046,24,2029,target,ordinary_baseline,pairwise_unseen,G1_Packet_Byte_Magnitude+G2_Temporal_Activity
999143,0.8763019908061208,0.6425039371959835,0.934946442234124,0.2891051043946294,0.4416444544838491,0.8288232634740416,0.6706679361076168,0.4798847144469522,0.0040972300026624,0.7108948956053706,0.0989500151157871,0.6191883804828111,0.1004555493621308,826672,3401,120191,48879,2029,target,group_aware,pairwise_unseen,G1_Packet_Byte_Magnitude+G2_Temporal_Activity
999143,0.8230953927515882,0.4970088175853759,0.0766009037804474,0.0041107233690187,0.0078027202865113,0.7166580530875599,0.4500292985940354,-0.0236459032724836,0.0100930881982669,0.9958892766309811,0.1669539991650302,1.4162051752464968,0.1698798814183439,821695,8378,168375,695,2029,target,ordinary_baseline,pairwise_unseen,G1_Packet_Byte_Magnitude+G3_TCP_Control_Flags
999143,0.8797319302642365,0.6507901189303158,0.9516781498790108,0.3047317679067842,0.461643228034963,0.8239553702977856,0.7122140692966703,0.4994935951450493,0.0031515300461525,0.6952682320932159,0.0934180807879819,0.6729061547026662,0.101475117661605,827457,2616,117549,51521,2029,target,group_aware,pairwise_unseen,G1_Packet_Byte_Magnitude+G3_TCP_Control_Flags
999143,0.8307959921652857,0.5000584358854561,0.6666666666666666,0.0001301236174365,0.0002601964483184,0.5674164311708823,0.2519953586433801,0.0076249574079515,1.3251846524341834e-05,0.9998698763825634,0.1577449555633731,0.9264200295819512,0.1481584612944338,830062,11,169048,22,2029,target,ordinary_baseline,pairwise_unseen,G1_Packet_Byte_Magnitude+G4_Rate_Header_Flow_Context
999143,0.8320200411752873,0.6183754722817439,0.5062534206312205,0.2954397586798367,0.3731287536976723,0.5986031060181046,0.3086142952480132,0.2975521326423207,0.0586888141163488,0.7045602413201633,0.1534383921997855,0.6056856214852813,0.1309077872071954,781357,48716,119120,49950,2029,target,group_aware,pairwise_unseen,G1_Packet_Byte_Magnitude+G4_Rate_Header_Flow_Context
999143,0.8308200127509275,0.5001058624212424,0.972972972972973,0.0002129295558052,0.0004257659351771,0.8306166350654088,0.6441916502621962,0.0130453757590887,1.2047133203947122e-06,0.9997870704441948,0.1666534671374258,1.6143079390628998,0.1678612431466533,830072,1,169034,36,2029,target,ordinary_baseline,pairwise_unseen,G2_Temporal_Activity+G3_TCP_Control_Flags
999143,0.8768834891502018,0.637008800680769,0.9927677329624478,0.2744247944638315,0.4299900373021941,0.8291165767548114,0.6870927840852078,0.4865609375821647,0.0004071931022934,0.7255752055361685,0.1212204276506432,1.006179567533791,0.1301254133633518,829735,338,122673,46397,2029,target,group_aware,pairwise_unseen,G2_Temporal_Activity+G3_TCP_Control_Flags
999143,0.8527357945759516,0.5840963345458853,0.7865579596529738,0.1780327674927544,0.2903471626040571,0.8019833492777644,0.4831373620798811,0.3285845605365957,0.009840098400984,0.8219672325072456,0.127048343721776,0.5180318264911542,0.1150688879109915,821905,8168,138970,30100,2029,target,ordinary_baseline,pairwise_unseen,G2_Temporal_Activity+G4_Rate_Header_Flow_Context
999143,0.8288503247282921,0.4993631641909041,0.0940781184376312,0.0013248950138995,0.0026129914669497,0.8843999441138714,0.6433801033732652,-0.0097943012411661,0.0025985666320913,0.9986751049861003,0.1482764465596705,0.8002549349338829,0.1570522475794074,827916,2157,168846,224,2029,target,group_aware,pairwise_unseen,G2_Temporal_Activity+G4_Rate_Header_Flow_Context
999143,0.774422680236963,0.6033682218567439,0.3371561755384366,0.3448098420772461,0.3409400604717262,0.745160272813822,0.3656612607806535,0.2049033805989966,0.1380733983637583,0.6551901579227539,0.1723060209898233,0.7644373376359826,0.1700294661424647,715462,114611,110773,58297,2029,target,ordinary_baseline,pairwise_unseen,G3_TCP_Control_Flags+G4_Rate_Header_Flow_Context
999143,0.8321001097940935,0.5046065938675985,0.8411214953271028,0.0095818300112379,0.0189478116447168,0.8414811787890555,0.5526263316323141,0.0787550411576939,0.0003686422760407,0.990418169988762,0.1554919415157883,0.89988112131879,0.1583463769436362,829767,306,167450,1620,2029,target,group_aware,pairwise_unseen,G3_TCP_Control_Flags+G4_Rate_Header_Flow_Context
150178,0.9991343605588036,0.999176141954519,0.9965044103234236,0.9992465439297648,0.9978735933001832,0.9999753263312238,0.9998993366494866,0.9973316458257304,0.0008942600207267,0.0007534560702352,0.000658179381299,0.0029492659877059,0.0002824905547243,119545,107,23,30503,2030,source,ordinary_baseline,complete,
150178,0.9990344790848192,0.9991622629559418,0.9958867887572226,0.9993775797680664,0.9976291306267272,0.9999503119366326,0.9997891988720038,0.997025343998596,0.0010530538561829,0.0006224202319334,0.0007106044495087,0.0035679906202335,0.0002909234787049,119526,126,19,30507,2030,source,group_aware,complete,
150178,0.9029218660522846,0.7613011697319549,0.9994988410699744,0.5226692000262072,0.6863989330809439,0.9959844147188216,0.9840214053398784,0.6823520426308887,6.686056229732892e-05,0.4773307999737928,0.0986068104267424,0.5184346482381463,0.1134808745253412,119644,8,14571,15955,2030,source,ordinary_baseline,single,G1_Packet_Byte_Magnitude
150178,0.9987481521927312,0.998567751576867,0.9955893883951908,0.9982637751425014,0.996924788170249,0.9999236983620624,0.9996792583153404,0.9961403216602696,0.0011282719887674,0.0017362248574985,0.0010210988227779,0.0053193453291278,0.0013530336373424,119517,135,53,30473,2030,source,group_aware,single,G1_Packet_Byte_Magnitude
150178,0.99059782391562,0.9817158503134598,0.9867259596094692,0.9667496560309244,0.9766356686633352,0.9995018947246476,0.9979373130778086,0.970830745804436,0.0033179554040049,0.0332503439690755,0.0101448033677006,0.0319516605853702,0.0150302729608729,119255,397,1015,29511,2030,source,ordinary_baseline,single,G2_Temporal_Activity
150178,0.9983020149422686,0.9970799042024772,0.9966204022705648,0.9950206381445326,0.9958198777109324,0.9999198388105868,0.9996625096985836,0.9947550118329292,0.0008608297395781,0.0049793618554674,0.0015076524107852,0.0063548039143357,0.0007535683353246,119549,103,152,30374,2030,source,group_aware,single,G2_Temporal_Activity
150178,0.9991543368536004,0.9988958616384904,0.9973821132890476,0.9984603288999542,0.9979209298518458,0.999968878139669,0.9998729511701872,0.997390380482174,0.0006686056229732,0.0015396711000458,0.0010441891365466,0.0044701613142853,0.0017409982563494,119572,80,47,30479,2030,source,ordinary_baseline,single,G3_TCP_Control_Flags
150178,0.999074431674413,0.9991141314989384,0.9962763351298384,0.999181026010614,0.9977265664611308,0.9999656533594282,0.9998581217695212,0.9971471662481276,0.0009527630127369,0.000818973989386,0.0007485382248868,0.003580411178969,0.0002610509597775,119538,114,25,30501,2030,source,group_aware,single,G3_TCP_Control_Flags
150178,0.8689887999573839,0.914683425860392,0.609180367456181,0.9916792242678372,0.7547339159052094,0.9804933044609424,0.908939168817319,0.7093219151703843,0.1623123725470531,0.0083207757321627,0.0935731311924879,0.3513394561906466,0.1124731271555072,100231,19421,254,30272,2030,source,ordinary_baseline,single,G4_Rate_Header_Flow_Context
150178,0.9686705109936208,0.9319996637193636,0.9727908594865784,0.8702090021620913,0.9186450642366816,0.9969036617556088,0.988142382124402,0.901460380163898,0.0062096747233644,0.1297909978379086,0.0258186659441617,0.0845101947825632,0.0234040511770039,118909,743,3962,26564,2030,source,group_aware,single,G4_Rate_Header_Flow_Context
150178,0.8618972153045054,0.6609850287973629,0.9942424242424244,0.3224464391010941,0.4869638351555929,0.9604721827568002,0.8841609418295682,0.5221533112075756,0.0004763815063684,0.6775535608989058,0.1366957802988977,0.9630081806940666,0.1483106162608162,119595,57,20683,9843,2030,source,ordinary_baseline,pairwise_unseen,G1_Packet_Byte_Magnitude+G2_Temporal_Activity
150178,0.995492016140846,0.9940475846288948,0.9862826235704278,0.9916137063486864,0.988940980446608,0.9995272127471444,0.9979990122747536,0.9861156673507224,0.0035185370908969,0.0083862936513136,0.0040840456350474,0.0202198544947414,0.0087516774273865,119231,421,256,30270,2030,source,group_aware,pairwise_unseen,G1_Packet_Byte_Magnitude+G2_Temporal_Activity
150178,0.875594294770206,0.6940797846831441,0.9993254068639852,0.3882264299285854,0.5592072667217176,0.9913793791168644,0.9687425853717256,0.5792156313504303,6.686056229732892e-05,0.6117735700714145,0.1058551790398147,0.6287645912404624,0.1200827666572533,119644,8,18675,11851,2030,source,ordinary_baseline,pairwise_unseen,G1_Packet_Byte_Magnitude+G3_TCP_Control_Flags
150178,0.9984152139461172,0.9978707845339224,0.9952580286480476,0.9969534167594836,0.9961050013092432,0.999935992143711,0.999745177704601,0.9951108030876984,0.001211847691639,0.0030465832405162,0.0017247687279168,0.0090034908439583,0.0047937600264747,119507,145,93,30433,2030,source,group_aware,pairwise_unseen,G1_Packet_Byte_Magnitude+G3_TCP_Control_Flags
150178,0.8135146293065563,0.5484746989051013,0.8405405405405405,0.1018803642796304,0.1817331852977268,0.8709156440933288,0.6231219421219596,0.2516824796864411,0.004930966469428,0.8981196357203696,0.1524808136867192,0.5449331472460557,0.1504557828276466,119062,590,27416,3110,2030,source,ordinary_baseline,pairwise_unseen,G1_Packet_Byte_Magnitude+G4_Rate_Header_Flow_Context
150178,0.9233775919242498,0.8909356475213837,0.7968286668539502,0.8362707200419315,0.816073398014801,0.931567442961688,0.8546082035276725,0.7680755814118905,0.0543994249991642,0.1637292799580685,0.0654017671626631,0.2334098583206289,0.064980800498419,113143,6509,4998,25528,2030,source,group_aware,pairwise_unseen,G1_Packet_Byte_Magnitude+G4_Rate_Header_Flow_Context
150178,0.9695294916698852,0.9287809130524908,0.9884797831488592,0.8601192426128547,0.9198430493273544,0.999343295413652,0.9972957014936128,0.9044668252239272,0.0025574165078728,0.1398807573871454,0.0234162121469286,0.072650270273615,0.0299319067095904,119346,306,4270,26256,2030,source,ordinary_baseline,pairwise_unseen,G2_Temporal_Activity+G3_TCP_Control_Flags
150178,0.9982154509981488,0.9968913723545252,0.9965537613233556,0.9946602895892026,0.995606125192642,0.9999130268952514,0.9996319777591276,0.994487191379113,0.0008775448801524,0.0053397104107973,0.0016138400261863,0.0067479301699184,0.0010191339430322,119547,105,163,30363,2030,source,group_aware,pairwise_unseen,G2_Temporal_Activity+G3_TCP_Control_Flags
150178,0.8930735527174419,0.9215138200613616,0.6617693098975804,0.9694358907161108,0.7865876348944766,0.9782081612808968,0.919989434119768,0.7419107702600469,0.1264082505933874,0.0305641092838891,0.0536321253004228,0.1691081912261276,0.0417290633551364,104527,15125,933,29593,2030,source,ordinary_baseline,pairwise_unseen,G2_Temporal_Activity+G4_Rate_Header_Flow_Context
150178,0.9597810598090266,0.9050941713147254,0.9868766404199476,0.8129463408242155,0.8915074004885759,0.9951158671083266,0.977186128240736,0.8732445351519301,0.0027579981947648,0.1870536591757845,0.0291553221859003,0.0894642386504077,0.0298011683985925,119322,330,5710,24816,2030,source,group_aware,pairwise_unseen,G2_Temporal_Activity+G4_Rate_Header_Flow_Context
150178,0.8581017192931055,0.9073264822809358,0.5899262323874946,0.9902705890060932,0.7393846003326485,0.975203456925431,0.8833536943351614,0.6914764017944133,0.1756176244442215,0.0097294109939068,0.0967037228761389,0.3707172034821945,0.1165034104818489,98639,21013,297,30229,2030,source,ordinary_baseline,pairwise_unseen,G3_TCP_Control_Flags+G4_Rate_Header_Flow_Context
150178,0.9675984498395238,0.9310584640290755,0.967838389731622,0.8694883050514316,0.9160310612597068,0.9954604353630137,0.9834030776360844,0.8980031857205478,0.0073713769932805,0.1305116949485684,0.0264506286673564,0.0862299093800962,0.0243761135717528,118770,882,3984,26542,2030,source,group_aware,pairwise_unseen,G3_TCP_Control_Flags+G4_Rate_Header_Flow_Context
999143,0.8533273014973832,0.5675505046654296,0.9828495476568194,0.1355828946590169,0.2382934930065023,0.8119723151055991,0.6616774225080403,0.335484878817407,0.0004818853281578,0.864417105340983,0.1397708812697974,1.1702920886864865,0.1489295957466946,829673,400,146147,22923,2030,target,ordinary_baseline,complete,
999143,0.8727449424156503,0.6249708928574786,0.9902015808428044,0.2504465605962027,0.3997790702065788,0.8239815226345235,0.712806791358267,0.4630051419098214,0.0005047748812453,0.7495534394037973,0.1237521439725884,1.027760246622217,0.1349718353280618,829654,419,126727,42343,2030,target,group_aware,complete,
999143,0.8257486666072824,0.5067374741577262,0.3112244897959184,0.0245342165966759,0.0454829548569611,0.7150205252762973,0.4597252945109822,0.044039088868543,0.0110592682812234,0.975465783403324,0.1661305603149998,1.4012031203265805,0.169476199949296,820893,9180,164922,4148,2030,target,ordinary_baseline,single,G1_Packet_Byte_Magnitude
999143,0.9081402762167178,0.7418437764069261,0.9363602488680118,0.4904773170875968,0.6437501698165206,0.820127674920576,0.6875582320987909,0.6380806065651109,0.0067897642737445,0.5095226829124031,0.0934968866557469,0.6597398983638987,0.099236595046625,824437,5636,86145,82925,2030,target,group_aware,single,G1_Packet_Byte_Magnitude
999143,0.8308120058890469,0.5001293035473394,0.6956521739130435,0.000283906074407,0.0005675805107042,0.8408698680776873,0.6567032415591143,0.0116683240443322,2.529897972828896e-05,0.9997160939255928,0.1656564646168413,1.4989031731265836,0.1672674991381931,830052,21,169022,48,2030,target,ordinary_baseline,single,G2_Temporal_Activity
999143,0.879498730411963,0.6448070190919822,0.9925518134715026,0.2900573726858698,0.4489239191131372,0.8524030769208755,0.6959100260499733,0.5008540277782609,0.0004433345019052,0.7099426273141303,0.1250996929493252,1.003715053637124,0.1337567296626915,829705,368,120030,49040,2030,target,group_aware,single,G2_Temporal_Activity
999143,0.8525015938659432,0.5649317069690967,0.9855007607625526,0.1302537410540013,0.2300957077778242,0.7946982854278254,0.6420272339868621,0.3292882091091776,0.0003903271158078,0.8697462589459987,0.144268495344727,1.243613964955754,0.1516823515082892,829749,324,147048,22022,2030,target,ordinary_baseline,single,G3_TCP_Control_Flags
999143,0.8755123140531436,0.6329901943865267,0.9922455004075518,0.2664044478618323,0.4200351575796291,0.8291562254328144,0.7117031583144315,0.4788828875180471,0.0004240590887789,0.7335955521381676,0.1230930948490895,1.0098450727602468,0.1352062151593444,829721,352,124029,45041,2030,target,group_aware,single,G3_TCP_Control_Flags
999143,0.7724259690554806,0.6031909445721213,0.3341355043152247,0.34738274087656,0.3406303738222901,0.7390268470845136,0.4104613483324977,0.2032307414238161,0.1410008517323175,0.65261725912344,0.1740297133336026,0.7761681333541034,0.1754918724530569,713032,117041,110338,58732,2030,target,ordinary_baseline,single,G4_Rate_Header_Flow_Context
999143,0.8489325351826515,0.5551841236642945,0.965926611162504,0.1111669722600106,0.1993868284817109,0.8379539423769597,0.5344574297525958,0.2994630456848269,0.0007987249314216,0.8888330277399894,0.1467835306947068,0.8654584927264382,0.1469223213994683,829410,663,150275,18795,2030,target,group_aware,single,G4_Rate_Header_Flow_Context
999143,0.8365178958367321,0.5170221540461414,0.9939634356674716,0.0340864730584964,0.0659125740558592,0.704291394254893,0.4915773641544432,0.1680531942666637,4.216496621381493e-05,0.9659135269415036,0.1614027824754856,1.6479827028546206,0.1639744258006061,830038,35,163307,5763,2030,target,ordinary_baseline,pairwise_unseen,G1_Packet_Byte_Magnitude+G2_Temporal_Activity
999143,0.88744554082849,0.7002504540064969,0.8350139658192491,0.4172946116992961,0.5564871707905759,0.8670284704221387,0.6786273620181607,0.5397087054750853,0.0167937036863022,0.5827053883007038,0.1031144520505629,0.5820552769904055,0.1012249513675614,816133,13940,98518,70552,2030,target,group_aware,pairwise_unseen,G1_Packet_Byte_Magnitude+G2_Temporal_Activity
999143,0.8225779493025522,0.4972955687555657,0.0939790057437116,0.0056130596794227,0.0105934095374173,0.7004267899836959,0.4430028240353711,-0.0202755036714407,0.0110219221682912,0.9943869403205772,0.1676533495112858,1.4866532164217816,0.1704884316633376,820924,9149,168121,949,2030,target,ordinary_baseline,pairwise_unseen,G1_Packet_Byte_Magnitude+G3_TCP_Control_Flags
999143,0.9101770217076034,0.74302718224136,0.9585732454619031,0.4903708523096942,0.6488261073720457,0.8291442080059441,0.7097256511706721,0.6480976936428156,0.0043164878269742,0.5096291476903058,0.091726323917609,0.6430737188145226,0.1038972356213207,826490,3583,86163,82907,2030,target,group_aware,pairwise_unseen,G1_Packet_Byte_Magnitude+G3_TCP_Control_Flags
999143,0.8299602759564947,0.4999157828112673,0.1490630323679727,0.001035074229609,0.0020558727473508,0.5593163722968408,0.2852674677717259,-0.0018434424413018,0.0012035086070743,0.998964925770391,0.1553317315661185,0.9194388906029932,0.1443887737786417,829074,999,168895,175,2030,target,ordinary_baseline,pairwise_unseen,G1_Packet_Byte_Magnitude+G4_Rate_Header_Flow_Context
999143,0.7005813982583073,0.5731988417668524,0.2486688871200822,0.3806529839711362,0.3008207985491123,0.5673500585960211,0.2702031352102082,0.1252921112439998,0.2342553004374314,0.6193470160288638,0.1694526562705277,0.6333616412267329,0.1499531020362439,635624,194449,104713,64357,2030,target,group_aware,pairwise_unseen,G1_Packet_Byte_Magnitude+G4_Rate_Header_Flow_Context
999143,0.830826017897338,0.5001212515526113,1.0,0.0002425031052226,0.0004848886234485,0.8422370147505587,0.6517297141301952,0.0141942314231601,0.0,0.9997574968947772,0.1668550542775856,1.5685472964266978,0.1679301652798879,830073,0,169029,41,2030,target,ordinary_baseline,pairwise_unseen,G2_Temporal_Activity+G3_TCP_Control_Flags
999143,0.8794496883829441,0.6447044986689048,0.9921854438708372,0.2898740166794818,0.4486668345043828,0.8559690813239951,0.6972723041999351,0.5005618649986564,0.0004650193416723,0.7101259833205181,0.1243220178441242,0.9869473693358236,0.1336122732554416,829687,386,120061,49009,2030,target,group_aware,pairwise_unseen,G2_Temporal_Activity+G3_TCP_Control_Flags
999143,0.8549917279108196,0.5990635815270057,0.7542041537038594,0.2122138759093866,0.3312284783190701,0.8346824619569384,0.5515920159628247,0.3488503291154004,0.0140867128553753,0.7877861240906133,0.1189925097221518,0.4644831362867291,0.1107964168979097,818380,11693,133191,35879,2030,target,ordinary_baseline,pairwise_unseen,G2_Temporal_Activity+G4_Rate_Header_Flow_Context
999143,0.8288293067158555,0.4997555744054653,0.1442097596504006,0.0023422251138581,0.0046095823439027,0.8766249090555897,0.6325517355321982,-0.0035010766901379,0.0028310763029275,0.9976577748861418,0.1486171541193358,0.7933818691416006,0.1570470443453532,827723,2350,168674,396,2030,target,group_aware,pairwise_unseen,G2_Temporal_Activity+G4_Rate_Header_Flow_Context
999143,0.7733497607449584,0.6037327897797942,0.3358880792505062,0.3473472526172591,0.341521569722135,0.7366928609179084,0.4081075157867243,0.2047272212121852,0.1398816730576708,0.6526527473827409,0.1803193372795493,0.7963306316552587,0.1777434329709236,713961,116112,110344,58726,2030,target,ordinary_baseline,pairwise_unseen,G3_TCP_Control_Flags+G4_Rate_Header_Flow_Context
999143,0.8324754314447481,0.5064456514380293,0.7891133173570695,0.0136334062814218,0.0268037281020518,0.8374020895479706,0.5008827301815388,0.0895250123666593,0.0007421034053631,0.9863665937185782,0.1513297748791846,0.8622240573846035,0.15347215141723,829457,616,166765,2305,2030,target,group_aware,pairwise_unseen,G3_TCP_Control_Flags+G4_Rate_Header_Flow_Context
150178,0.9991809719133296,0.9992419955344564,0.9966349766408572,0.9993448208084912,0.9979880592132166,0.9999757105889024,0.9999009157286094,0.9974753406769628,0.0008608297395781,0.0006551791915088,0.000656228130039,0.0029378644808898,0.0002349728617037,119549,103,20,30506,2031,source,ordinary_baseline,complete,
150178,0.9992142657379908,0.9988968686208504,0.997773703509691,0.998362052021228,0.99806779105944,0.9999479472529345,0.999781344034379,0.9975747256456764,0.0005683147795272,0.0016379479787721,0.0006863128725922,0.0033971437144808,0.0001924946488155,119584,68,50,30476,2031,source,group_aware,complete,
150178,0.881720358507904,0.7091123040039158,0.9996085492836452,0.4182663958592675,0.589759578743158,0.9960187067392248,0.9843383938483656,0.6033325962226296,4.178785143583058e-05,0.5817336041407325,0.0977216905767442,0.4984703389878024,0.1127373105328131,119647,5,17758,12768,2031,source,ordinary_baseline,single,G1_Packet_Byte_Magnitude
150178,0.9989013037861736,0.998346645574422,0.99718337536436,0.99741204219354,0.9972976956713998,0.9999342965913034,0.999723564336281,0.9966081862824516,0.0007187510446962,0.00258795780646,0.0009010580616965,0.0047019910926279,0.0010767091196344,119566,86,79,30447,2031,source,group_aware,single,G1_Packet_Byte_Magnitude
150178,0.9892460946343672,0.9783908159165522,0.9866352465914828,0.9600995872371092,0.9731865650578606,0.9994378848149686,0.9976658692781404,0.966602956877596,0.0033179554040049,0.0399004127628906,0.0115471094135695,0.036878537346663,0.0189631163101757,119255,397,1218,29308,2031,source,ordinary_baseline,single,G2_Temporal_Activity
150178,0.9983486262967944,0.9969261452788202,0.9973390275952694,0.9945292537509008,0.995932158908244,0.9999408166515016,0.9997448098207762,0.9948977533060924,0.0006769631932604,0.0054707462490991,0.001341997996696,0.0056594576296988,0.0007546369551919,119571,81,167,30359,2031,source,group_aware,single,G2_Temporal_Activity
150178,0.9987947635472572,0.9979503662567328,0.9975405804230202,0.996527550285003,0.9970338080333,0.999966533442298,0.9998632000967508,0.996277748612068,0.0006268177715374,0.003472449714997,0.0015047648196955,0.0059552658034914,0.0030026195167354,119577,75,106,30420,2031,source,ordinary_baseline,single,G3_TCP_Control_Flags
150178,0.999194289443194,0.9988843322654196,0.9976757128359576,0.998362052021228,0.9980187644294533,0.9999516441759374,0.999796878376658,0.9975131800399192,0.0005933874903887,0.0016379479787721,0.0007021092512781,0.0034165661418399,0.0002960612266463,119581,71,50,30476,2031,source,group_aware,single,G3_TCP_Control_Flags
150178,0.873789769473558,0.9165616653470106,0.6185995982453982,0.988632641027321,0.7610197700221908,0.9805832850972904,0.9259432798469442,0.7159039803485363,0.1555093103332999,0.011367358972679,0.0891177927648308,0.3218982137445877,0.1069021627903232,101045,18607,347,30179,2031,source,ordinary_baseline,single,G4_Rate_Header_Flow_Context
150178,0.9700355578047384,0.930135559768155,0.9881827731092436,0.8629037541767673,0.9213039068238256,0.9962162309286986,0.9858519337444333,0.906067654851289,0.0026326346404573,0.1370962458232326,0.0269993805700195,0.0971122602654906,0.0246290987315769,119337,315,4185,26341,2031,source,group_aware,single,G4_Rate_Header_Flow_Context
150178,0.853294091011999,0.6394201179883695,0.9971903535471788,0.279040817663631,0.4360602027234565,0.9617308825067022,0.8814294784701773,0.4844888231033597,0.0002005816868919,0.720959182336369,0.1412283994251695,0.9599357478497696,0.1549926400274702,119628,24,22008,8518,2031,source,ordinary_baseline,pairwise_unseen,G1_Packet_Byte_Magnitude+G2_Temporal_Activity
150178,0.9964175844664332,0.9940916051995106,0.9921875,0.9901723121273668,0.991178881783899,0.99972679949823,0.9988745117237366,0.988932085155703,0.0019891017283455,0.0098276878726331,0.0031942081788092,0.0155812178527757,0.0057935147820662,119414,238,300,30226,2031,source,group_aware,pairwise_unseen,G1_Packet_Byte_Magnitude+G2_Temporal_Activity
150178,0.8780979903847435,0.7002140676940393,0.9995094432180524,0.4004782808098014,0.5718361905652876,0.9896927506046554,0.965686968074572,0.5891588459284128,5.014542172299669e-05,0.5995217191901985,0.1043670971878462,0.6259966536022935,0.1194586129570449,119646,6,18301,12225,2031,source,ordinary_baseline,pairwise_unseen,G1_Packet_Byte_Magnitude+G3_TCP_Control_Flags
150178,0.9983286500019976,0.9970478165644748,0.9968816674872804,0.9948896023062308,0.9958846387171878,0.9999533352108873,0.999811117942458,0.9948368156906092,0.0007939691772807,0.0051103976937692,0.0012791744777365,0.006792243401701,0.0032328429709475,119557,95,156,30370,2031,source,group_aware,pairwise_unseen,G1_Packet_Byte_Magnitude+G3_TCP_Control_Flags
150178,0.828829788650801,0.5943097671337906,0.8284273644044698,0.1991417152591233,0.3210965560954997,0.8647212938180708,0.6309753676213523,0.352101459115519,0.0105221809915421,0.8008582847408766,0.1415348328531186,0.5127962728542558,0.1304677723949966,118393,1259,24447,6079,2031,source,ordinary_baseline,pairwise_unseen,G1_Packet_Byte_Magnitude+G4_Rate_Header_Flow_Context
150178,0.8847034851975656,0.7369352772563245,0.8984257192834308,0.4879447028762366,0.6324169408767647,0.9304872116700948,0.8553442998947901,0.608518638420482,0.0140741483635877,0.5120552971237633,0.0672431320786195,0.2337987973373846,0.0604272810874803,117968,1684,15631,14895,2031,source,group_aware,pairwise_unseen,G1_Packet_Byte_Magnitude+G4_Rate_Header_Flow_Context
150178,0.9642890436681804,0.9158048575970448,0.98839330771321,0.8341086287099522,0.904720450548084,0.9992312552106408,0.99682496820791,0.8877552799541288,0.0024989135158626,0.1658913712900478,0.0286167051315653,0.092662079243125,0.0373010482872989,119353,299,5064,25462,2031,source,ordinary_baseline,pairwise_unseen,G2_Temporal_Activity+G3_TCP_Control_Flags
150178,0.9983153324721332,0.9968686492691698,0.9972732349945792,0.9944309768721744,0.995850077913557,0.9999340557971258,0.99971387206011,0.994794826742945,0.0006936783338347,0.0055690231278254,0.0014006236440551,0.0059349142812309,0.0010898347523619,119569,83,170,30356,2031,source,group_aware,pairwise_unseen,G2_Temporal_Activity+G3_TCP_Control_Flags
150178,0.9399046464861698,0.9468159832703948,0.7904363096042145,0.9584616392583372,0.8663774596171214,0.978588026758742,0.9239133808216812,0.8344734506245579,0.0648296727175475,0.0415383607416628,0.0502344781102692,0.1590359195444262,0.0525224902948559,111895,7757,1268,29258,2031,source,ordinary_baseline,pairwise_unseen,G2_Temporal_Activity+G4_Rate_Header_Flow_Context
150178,0.955299711009602,0.892716504312089,0.9909694445589872,0.7872633165170674,0.877448564178396,0.9952901764940336,0.9782024646185342,0.8589736186396236,0.0018303078928893,0.2127366834829326,0.0305127885231312,0.0930761603251758,0.0308482008869895,119433,219,6494,24032,2031,source,group_aware,pairwise_unseen,G2_Temporal_Activity+G4_Rate_Header_Flow_Context
150178,0.8645540625124852,0.9099604445063476,0.6017665514278292,0.9864705496953416,0.7475269030744598,0.9781727960220896,0.9173464216969384,0.7000138037214468,0.1665496606826463,0.0135294503046583,0.0921421236629199,0.3370538275287489,0.1111841347057198,99724,19928,413,30113,2031,source,ordinary_baseline,pairwise_unseen,G3_TCP_Control_Flags+G4_Rate_Header_Flow_Context
150178,0.9691432833038128,0.927721096973006,0.9887865287321604,0.8579243923212999,0.9187188662036062,0.9925360011635131,0.9754541253692416,0.9032471616060124,0.0024821983752883,0.1420756076787001,0.0274863734395976,0.0981725177197188,0.0245533738637654,119355,297,4337,26189,2031,source,group_aware,pairwise_unseen,G3_TCP_Control_Flags+G4_Rate_Header_Flow_Context
999143,0.8684802876064788,0.6123719584490056,0.9890917590837076,0.225249896492577,0.3669359695143395,0.7865628459612382,0.6386114548531043,0.4377757976330578,0.0005059795945657,0.774750103507423,0.1298653319705399,1.1643994735984369,0.1405572382239543,829653,420,130987,38083,2031,target,ordinary_baseline,complete,
999143,0.8674524067125526,0.6089862151781702,0.992684238838085,0.2183001123794878,0.3578957575757576,0.8087486809293194,0.7052025945837261,0.4317766077195473,0.0003276820231473,0.7816998876205122,0.1214603352712694,1.080571818746186,0.1311153677181004,829801,272,132162,36908,2031,target,group_aware,complete,
999143,0.8256655954152708,0.5052721245877226,0.2905233843885658,0.0209794759567043,0.0391330490569784,0.6955014234278586,0.438907872040056,0.0359851219078377,0.0104352267812589,0.9790205240432956,0.1643738714493702,1.3486541247815165,0.1676813067082486,821411,8662,165523,3547,2031,target,ordinary_baseline,single,G1_Packet_Byte_Magnitude
999143,0.885075509711823,0.669372464926176,0.9385267106454532,0.3433252498964926,0.5027412328185763,0.7935323275183318,0.6873673720855689,0.5270638663684005,0.0045803200441406,0.6566747501035074,0.0905131019294764,0.6901572845787816,0.0947571875114723,826271,3802,111024,58046,2031,target,group_aware,single,G1_Packet_Byte_Magnitude
999143,0.8309591319761035,0.5005216447547074,0.9833333333333332,0.0010469036493759,0.0020915805022156,0.8158277535976333,0.6555980764205758,0.0291464258919614,3.6141399611841368e-06,0.998953096350624,0.1653949476229188,1.498995637135311,0.1671910080948143,830070,3,168893,177,2031,target,ordinary_baseline,single,G2_Temporal_Activity
999143,0.8757315018971258,0.6335460101857876,0.9931260157245136,0.2674690956408588,0.4214366926991109,0.8203941839178235,0.6876763370013427,0.4801746861773118,0.0003770752692835,0.7325309043591411,0.1222508332305665,1.0646182320995774,0.131432522060055,829760,313,123849,45221,2031,target,group_aware,single,G2_Temporal_Activity
999143,0.8535695090692723,0.5681719846300689,0.9846710666382796,0.1367776660554799,0.2401911142271039,0.7690006785778108,0.6187941584709171,0.3374296690781925,0.000433696795342,0.86322233394452,0.1364974809853648,1.2358746674901389,0.1456761101665939,829713,360,145945,23125,2031,target,ordinary_baseline,single,G3_TCP_Control_Flags
999143,0.8683521778163886,0.6116566522622022,0.9927275591378087,0.2236470101141539,0.3650529303578411,0.8146753330617678,0.7104805917898648,0.4372525366715916,0.0003337055897493,0.7763529898858461,0.1205776435100635,1.0594476831115498,0.1305289614809402,829796,277,131258,37812,2031,target,group_aware,single,G3_TCP_Control_Flags
999143,0.7862548203810665,0.5972094469839775,0.3515032575029371,0.3114567930443012,0.3302705109791205,0.7535090772630885,0.4200449807197873,0.2041845487777173,0.1170378990763462,0.6885432069556988,0.1666239544596655,0.7541393954421182,0.1612578947243898,732923,97150,116412,52658,2031,target,ordinary_baseline,single,G4_Rate_Header_Flow_Context
999143,0.8319629922843877,0.5042838611804342,0.8165680473372781,0.0089785296031229,0.0177617607310637,0.8460667826237331,0.5448102431092399,0.0745431402548011,0.0004108072422545,0.991021470396877,0.1537262646573892,0.9207325099871264,0.1555141612683665,829732,341,167552,1518,2031,target,group_aware,single,G4_Rate_Header_Flow_Context
999143,0.8365529258574599,0.5170432365292482,1.0,0.0340864730584964,0.0659257691625722,0.7076631937296952,0.5156304128474601,0.1687685314297534,0.0,0.9659135269415036,0.1620606723515083,1.581695333904406,0.1645248373377065,830073,0,163307,5763,2031,target,ordinary_baseline,pairwise_unseen,G1_Packet_Byte_Magnitude+G2_Temporal_Activity
999143,0.877026611806318,0.6445437972476971,0.936543331191655,0.2931330218252794,0.4465106221957943,0.8536425084766324,0.6761327413077475,0.483973915605489,0.0040454273298854,0.7068669781747206,0.1020947393702745,0.6081493233891525,0.1078626810041487,826715,3358,119510,49560,2031,target,group_aware,pairwise_unseen,G1_Packet_Byte_Magnitude+G2_Temporal_Activity
999143,0.8226820385070005,0.4963455645871629,0.0568206700240858,0.0030697344295262,0.005824785077776,0.683493626027027,0.4302454775351154,-0.0287933125535821,0.0103786052552004,0.9969302655704738,0.1661317107968245,1.4375429573314198,0.1691535775096539,821458,8615,168551,519,2031,target,ordinary_baseline,pairwise_unseen,G1_Packet_Byte_Magnitude+G3_TCP_Control_Flags
999143,0.8931083938935668,0.6903975926665263,0.9607677736340496,0.383988880345419,0.5486853559385063,0.8112347798453148,0.7100878188315977,0.5685798988833107,0.0031936950123663,0.616011119654581,0.0880530680515209,0.6497054200277607,0.0936488369428398,827422,2651,104149,64921,2031,target,group_aware,pairwise_unseen,G1_Packet_Byte_Magnitude+G3_TCP_Control_Flags
999143,0.8274531273301219,0.4982467394943281,0.030200395145357,0.0006328739575323,0.0012397675725466,0.5506077675523721,0.2635845619486791,-0.0221176940170114,0.0041393949688762,0.9993671260424676,0.153240798504524,0.8783111559843958,0.1383460258428579,826637,3436,168963,107,2031,target,ordinary_baseline,pairwise_unseen,G1_Packet_Byte_Magnitude+G4_Rate_Header_Flow_Context
999143,0.8186215586757851,0.5512177517929298,0.4017812404027995,0.1470219435736677,0.2152708314388772,0.5575213969304205,0.239501886396443,0.1593597538115264,0.0445864399878083,0.8529780564263323,0.1688336494054053,0.6590956122017372,0.1453115553216863,793063,37010,144213,24857,2031,target,group_aware,pairwise_unseen,G1_Packet_Byte_Magnitude+G4_Rate_Header_Flow_Context
999143,0.8308230153241328,0.5001123794877861,1.0,0.0002247589755722,0.0004494169406533,0.8101270378027312,0.6288336870644411,0.0136650460518068,0.0,0.9997752410244276,0.1672529275405969,1.5872478235093284,0.1681635158405826,830073,0,169032,38,2031,target,ordinary_baseline,pairwise_unseen,G2_Temporal_Activity+G3_TCP_Control_Flags
999143,0.8773869205909465,0.6384751552319304,0.9930326132994494,0.2773466611462707,0.4335937861204864,0.8297825865136146,0.698995779689225,0.4893610226078394,0.0003963506824098,0.7226533388537292,0.1213814325091164,1.0489384491472926,0.1303987255799562,829744,329,122179,46891,2031,target,group_aware,pairwise_unseen,G2_Temporal_Activity+G3_TCP_Control_Flags
999143,0.8567562400977637,0.5816623497916384,0.9306316173786052,0.1658425504229017,0.281517477497377,0.8204880038802096,0.5252206869780214,0.3580848141981724,0.0025178508396249,0.8341574495770983,0.1285422812929091,0.5173179373370864,0.1268129217572567,827983,2090,141031,28039,2031,target,ordinary_baseline,pairwise_unseen,G2_Temporal_Activity+G4_Rate_Header_Flow_Context
999143,0.8287502389547843,0.4993264785076998,0.093562574970012,0.0013840421127343,0.002727733707911,0.8833978511862336,0.6428852346295225,-0.0101075625172419,0.0027310850973348,0.9986159578872656,0.1462990607504999,0.819333599546712,0.1555412464177091,827806,2267,168836,234,2031,target,group_aware,pairwise_unseen,G2_Temporal_Activity+G4_Rate_Header_Flow_Context
999143,0.7856763246101909,0.601719646289206,0.3541537226882054,0.3236588395339209,0.3382202965554326,0.7501427951643781,0.4192197826288868,0.2109655982978648,0.1202195469555087,0.6763411604660792,0.1721336449995292,0.7651234117796065,0.1705207923366604,730282,99791,114349,54721,2031,target,ordinary_baseline,pairwise_unseen,G3_TCP_Control_Flags+G4_Rate_Header_Flow_Context
999143,0.8319569871379773,0.504254342059376,0.817688551275095,0.0089134677944046,0.0176347030360475,0.8411602382795144,0.5103819827030901,0.0743495328285348,0.0004047836756526,0.9910865322055952,0.1565109983172921,0.923188960893664,0.1593738580483396,829737,336,167563,1507,2031,target,group_aware,pairwise_unseen,G3_TCP_Control_Flags+G4_Rate_Header_Flow_Context
